-- phpMyAdmin SQL Dump
-- version 4.7.9
-- https://www.phpmyadmin.net/
--
-- Servidor: 127.0.0.1:3306
-- Tiempo de generación: 01-10-2018 a las 19:47:34
-- Versión del servidor: 5.7.21
-- Versión de PHP: 5.6.35

SET SQL_MODE = "NO_AUTO_VALUE_ON_ZERO";
SET AUTOCOMMIT = 0;
START TRANSACTION;
SET time_zone = "+00:00";


/*!40101 SET @OLD_CHARACTER_SET_CLIENT=@@CHARACTER_SET_CLIENT */;
/*!40101 SET @OLD_CHARACTER_SET_RESULTS=@@CHARACTER_SET_RESULTS */;
/*!40101 SET @OLD_COLLATION_CONNECTION=@@COLLATION_CONNECTION */;
/*!40101 SET NAMES utf8mb4 */;

--
-- Base de datos: `facturafacil`
--

-- --------------------------------------------------------

--
-- Estructura de tabla para la tabla `cliente`
--

DROP TABLE IF EXISTS `cliente`;
CREATE TABLE IF NOT EXISTS `cliente` (
  `id` int(11) NOT NULL AUTO_INCREMENT,
  `condicioniva_id` int(11) DEFAULT NULL,
  `razonSocial` varchar(100) COLLATE utf8_unicode_ci DEFAULT NULL,
  `cuit` varchar(255) COLLATE utf8_unicode_ci DEFAULT NULL,
  `dni` varchar(20) COLLATE utf8_unicode_ci DEFAULT NULL,
  `domiciliocomercial` varchar(500) COLLATE utf8_unicode_ci DEFAULT NULL,
  `telefono` varchar(100) COLLATE utf8_unicode_ci DEFAULT NULL,
  `mail` varchar(100) COLLATE utf8_unicode_ci DEFAULT NULL,
  `clienteProveedor` varchar(1) COLLATE utf8_unicode_ci NOT NULL,
  `estado` varchar(1) COLLATE utf8_unicode_ci NOT NULL,
  `usuario_id` int(11) NOT NULL,
  `concepto` varchar(500) COLLATE utf8_unicode_ci DEFAULT NULL,
  `monto` double DEFAULT NULL,
  PRIMARY KEY (`id`),
  KEY `IDX_F41C9B25F1A0F41C` (`condicioniva_id`),
  KEY `IDX_F41C9B25DB38439E` (`usuario_id`)
) ENGINE=InnoDB AUTO_INCREMENT=6 DEFAULT CHARSET=utf8 COLLATE=utf8_unicode_ci;

--
-- Volcado de datos para la tabla `cliente`
--

INSERT INTO `cliente` (`id`, `condicioniva_id`, `razonSocial`, `cuit`, `dni`, `domiciliocomercial`, `telefono`, `mail`, `clienteProveedor`, `estado`, `usuario_id`, `concepto`, `monto`) VALUES
(3, 1, 'Titanio', '2054545454', NULL, 'fafadr 12', '12314123', 'flowcodetest+12@gmail.com', '1', 'A', 1, NULL, NULL),
(4, 3, 'Corvalan Christian', '20375915953', '37591595', 'Felipe Vallese', '15213215321', 'corvalan4@gmail.com', '1', 'A', 1, NULL, NULL),
(5, 3, 'Nicolas Corvalan', '20353246322', NULL, 'Felipe Vallese 3925 D', '1531316532', 'corvalan4@gmail.com', '1', 'A', 3, NULL, NULL);

-- --------------------------------------------------------

--
-- Estructura de tabla para la tabla `condicioniva`
--

DROP TABLE IF EXISTS `condicioniva`;
CREATE TABLE IF NOT EXISTS `condicioniva` (
  `id` int(11) NOT NULL AUTO_INCREMENT,
  `descripcion` varchar(255) COLLATE utf8_unicode_ci NOT NULL,
  `estado` varchar(1) COLLATE utf8_unicode_ci NOT NULL,
  PRIMARY KEY (`id`)
) ENGINE=InnoDB AUTO_INCREMENT=6 DEFAULT CHARSET=utf8 COLLATE=utf8_unicode_ci;

--
-- Volcado de datos para la tabla `condicioniva`
--

INSERT INTO `condicioniva` (`id`, `descripcion`, `estado`) VALUES
(1, 'Consumidor Final', 'A'),
(2, 'Responsable Inscripto', 'A'),
(3, 'Responsable Monotributo', 'A'),
(4, 'Excento', 'A'),
(5, 'No Responsable', 'A');

-- --------------------------------------------------------

--
-- Estructura de tabla para la tabla `factura`
--

DROP TABLE IF EXISTS `factura`;
CREATE TABLE IF NOT EXISTS `factura` (
  `id` int(11) NOT NULL AUTO_INCREMENT,
  `cliente_id` int(11) DEFAULT NULL,
  `fecha` datetime NOT NULL,
  `importe` double DEFAULT NULL,
  `tipofactura` varchar(100) COLLATE utf8_unicode_ci DEFAULT NULL,
  `tipodocumento` varchar(100) COLLATE utf8_unicode_ci DEFAULT NULL,
  `cae` varchar(100) COLLATE utf8_unicode_ci DEFAULT NULL,
  `fechavtocae` datetime DEFAULT NULL,
  `codigobarraafip` varchar(100) COLLATE utf8_unicode_ci DEFAULT NULL,
  `nrofactura` int(11) DEFAULT NULL,
  `observacion` varchar(2000) COLLATE utf8_unicode_ci DEFAULT NULL,
  `estado` varchar(1) COLLATE utf8_unicode_ci NOT NULL,
  `punto_id` int(11) NOT NULL,
  `usuario_id` int(11) NOT NULL,
  `fechadesde` datetime DEFAULT NULL,
  `fechahasta` datetime DEFAULT NULL,
  PRIMARY KEY (`id`),
  KEY `IDX_F9EBA009DE734E51` (`cliente_id`),
  KEY `IDX_F9EBA009B3CB6227` (`punto_id`),
  KEY `IDX_F9EBA009DB38439E` (`usuario_id`)
) ENGINE=InnoDB AUTO_INCREMENT=14 DEFAULT CHARSET=utf8 COLLATE=utf8_unicode_ci;

--
-- Volcado de datos para la tabla `factura`
--

INSERT INTO `factura` (`id`, `cliente_id`, `fecha`, `importe`, `tipofactura`, `tipodocumento`, `cae`, `fechavtocae`, `codigobarraafip`, `nrofactura`, `observacion`, `estado`, `punto_id`, `usuario_id`, `fechadesde`, `fechahasta`) VALUES
(5, 4, '2018-10-01 15:04:17', 2000, 'B', 'F', '68402684530216', '2018-10-11 00:00:00', NULL, 2, NULL, 'A', 1, 1, NULL, NULL),
(6, 4, '2018-10-01 15:16:00', 2010, 'B', 'F', '68402684538418', '2018-10-11 00:00:00', NULL, 3, NULL, 'A', 1, 1, NULL, NULL),
(9, 4, '2018-10-01 17:16:56', 3292.17, 'A', 'F', '68402684539728', '2018-10-11 00:00:00', NULL, 1, 'Factura individual, DocTipo: 80, DocNro 20375915953 no se encuentra inscripto en condicion ACTIVA en el impuesto (IVA).', 'A', 1, 1, NULL, NULL),
(10, 4, '2018-10-01 17:31:19', 1200, 'B', 'C', '68402684540094', '2018-10-11 00:00:00', NULL, 1, NULL, 'A', 1, 1, NULL, NULL),
(11, 4, '2018-10-01 18:00:36', 1513.23, 'A', 'C', '68402684540641', '2018-10-11 00:00:00', NULL, 1, 'Factura individual, DocTipo: 80, DocNro 20375915953 no se encuentra inscripto en condicion ACTIVA en el impuesto (IVA).', 'A', 1, 1, NULL, NULL),
(12, 5, '2018-10-01 18:37:28', 1205.7, 'B', 'F', '68403684549494', '2018-10-11 00:00:00', NULL, 1, NULL, 'A', 2, 3, NULL, NULL),
(13, 4, '2018-10-01 19:43:46', 150, 'B', 'F', '68402684549522', '2018-10-11 00:00:00', NULL, 4, NULL, 'A', 1, 1, NULL, NULL);

-- --------------------------------------------------------

--
-- Estructura de tabla para la tabla `producto`
--

DROP TABLE IF EXISTS `producto`;
CREATE TABLE IF NOT EXISTS `producto` (
  `id` int(11) NOT NULL AUTO_INCREMENT,
  `descripcion` varchar(100) COLLATE utf8_unicode_ci NOT NULL,
  `stock` double DEFAULT NULL,
  `costo` double DEFAULT NULL,
  `codigo` varchar(50) COLLATE utf8_unicode_ci DEFAULT NULL,
  `estado` varchar(1) COLLATE utf8_unicode_ci NOT NULL,
  PRIMARY KEY (`id`)
) ENGINE=InnoDB AUTO_INCREMENT=17 DEFAULT CHARSET=utf8 COLLATE=utf8_unicode_ci;

--
-- Volcado de datos para la tabla `producto`
--

INSERT INTO `producto` (`id`, `descripcion`, `stock`, `costo`, `codigo`, `estado`) VALUES
(6, 'Producto de prueba', NULL, NULL, 'AAA123', 'A'),
(7, 'Producto de prueba', NULL, NULL, 'AAA123', 'A'),
(8, 'Producto de prueba', NULL, NULL, 'AAA123', 'A'),
(9, 'Producto de prueba', NULL, NULL, 'AAA123', 'A'),
(10, 'Producto2', NULL, NULL, 'AAA122', 'A'),
(11, 'Producto de prueba', NULL, NULL, 'AAA123', 'A'),
(12, 'Producto2', NULL, NULL, 'AAA122', 'A'),
(13, 'Producto de prueba', NULL, NULL, 'AAA123', 'A'),
(14, 'Producto de prueba', NULL, NULL, 'AAA123', 'A'),
(15, 'Producto de prueba', NULL, NULL, 'AAA123', 'A'),
(16, 'Producto de prueba', NULL, NULL, 'AAA123', 'A');

-- --------------------------------------------------------

--
-- Estructura de tabla para la tabla `productofactura`
--

DROP TABLE IF EXISTS `productofactura`;
CREATE TABLE IF NOT EXISTS `productofactura` (
  `id` int(11) NOT NULL AUTO_INCREMENT,
  `producto_id` int(11) NOT NULL,
  `factura_id` int(11) NOT NULL,
  `cantidad` double NOT NULL,
  `precio` double NOT NULL,
  `descuento` double DEFAULT NULL,
  `estado` varchar(1) COLLATE utf8_unicode_ci NOT NULL,
  PRIMARY KEY (`id`),
  KEY `IDX_ADFFE8C47645698E` (`producto_id`),
  KEY `IDX_ADFFE8C4F04F795F` (`factura_id`)
) ENGINE=InnoDB AUTO_INCREMENT=12 DEFAULT CHARSET=utf8 COLLATE=utf8_unicode_ci;

--
-- Volcado de datos para la tabla `productofactura`
--

INSERT INTO `productofactura` (`id`, `producto_id`, `factura_id`, `cantidad`, `precio`, `descuento`, `estado`) VALUES
(1, 6, 5, 1, 2000, 0, 'A'),
(2, 7, 6, 1, 2010, 0, 'A'),
(6, 11, 9, 2, 1250.4, 0, 'A'),
(7, 12, 9, 1, 220, 0, 'A'),
(8, 13, 10, 1, 1200, 0, 'A'),
(9, 14, 11, 1, 1250.6, 0, 'A'),
(10, 15, 12, 1, 1205.7, 0, 'A'),
(11, 16, 13, 1, 150, 0, 'A');

-- --------------------------------------------------------

--
-- Estructura de tabla para la tabla `puntoventa`
--

DROP TABLE IF EXISTS `puntoventa`;
CREATE TABLE IF NOT EXISTS `puntoventa` (
  `id` int(11) NOT NULL AUTO_INCREMENT,
  `usuario_id` int(11) NOT NULL,
  `descripcion` varchar(255) COLLATE utf8_unicode_ci DEFAULT NULL,
  `numero` int(11) NOT NULL,
  `estado` varchar(1) COLLATE utf8_unicode_ci NOT NULL,
  PRIMARY KEY (`id`),
  KEY `IDX_C2D68902DB38439E` (`usuario_id`)
) ENGINE=InnoDB AUTO_INCREMENT=3 DEFAULT CHARSET=utf8 COLLATE=utf8_unicode_ci;

--
-- Volcado de datos para la tabla `puntoventa`
--

INSERT INTO `puntoventa` (`id`, `usuario_id`, `descripcion`, `numero`, `estado`) VALUES
(1, 1, 'Franklin 1769', 1, 'A'),
(2, 3, 'Goya 123', 2, 'A');

-- --------------------------------------------------------

--
-- Estructura de tabla para la tabla `usuario`
--

DROP TABLE IF EXISTS `usuario`;
CREATE TABLE IF NOT EXISTS `usuario` (
  `id` int(11) NOT NULL AUTO_INCREMENT,
  `login` varchar(255) COLLATE utf8_unicode_ci NOT NULL,
  `clave` varchar(255) COLLATE utf8_unicode_ci NOT NULL,
  `mail` varchar(255) COLLATE utf8_unicode_ci DEFAULT NULL,
  `estado` varchar(1) COLLATE utf8_unicode_ci NOT NULL,
  `perfil` varchar(255) COLLATE utf8_unicode_ci NOT NULL,
  `cuit` varchar(255) COLLATE utf8_unicode_ci DEFAULT NULL,
  `iibb` varchar(255) COLLATE utf8_unicode_ci DEFAULT NULL,
  `fechainicio` varchar(255) COLLATE utf8_unicode_ci DEFAULT NULL,
  `razonsocial` varchar(255) COLLATE utf8_unicode_ci DEFAULT NULL,
  `domicilio` varchar(255) COLLATE utf8_unicode_ci DEFAULT NULL,
  `imagen` longblob,
  `condicioniva_id` int(11) DEFAULT NULL,
  PRIMARY KEY (`id`),
  KEY `IDX_2265B05DF1A0F41C` (`condicioniva_id`)
) ENGINE=InnoDB AUTO_INCREMENT=4 DEFAULT CHARSET=utf8 COLLATE=utf8_unicode_ci;

--
-- Volcado de datos para la tabla `usuario`
--

INSERT INTO `usuario` (`id`, `login`, `clave`, `mail`, `estado`, `perfil`, `cuit`, `iibb`, `fechainicio`, `razonsocial`, `domicilio`, `imagen`, `condicioniva_id`) VALUES
(1, 'admin', 'admin', 'admin@admin.com.ar', 'A', 'ADMINISTRADOR', '20353246322', '20353246322', '2013-09-23', 'Nicolas Corvalan', 'Franklin 1769', 0x646174613a696d6167652f706e672f706e673b6261736536342c6956424f5277304b47676f414141414e5355684555674141424777414141476d434159414141417075784970414141414358424957584d41414173544141414c457745416d7077594141414b54326c44513142516147393062334e6f6233416753554e444948427962325a706247554141486a616e564e6e56465070466a333333765243533469416c4574765568554949464a43693441556b53597149516b51536f67686f646b5655634552525555454738696769414f4f6a6f434d4656457344496f4b3241666b49614b4f67364f49697372373458756a61396138392b624e2f725858507565733835327a7a7766414341795753444e524e59414d715549654565434478385447346551755149454b4a4841414541697a5a43467a2f534d424150682b504477724973414876674142654e4d4c43414441545a76414d4279482f772f7151706c6341594345416342306b54684c43494155414542366a6b4b6d41454247415943646d435a54414b41454147444c59324c6a414641744147416e662b6254414943642b4a6c37415142626c43455641614352414341545a59684541476737414b7a50566f7046414667774142526d53385135414e67744144424a56325a49414c4333414d444f454175794141674d4144425269495570414152374147444949794e344149535a41425247386c633838537575454f6371414142346d624938755351355259466243433178423164584c68346f7a6b6b584b78513259514a686d6b4175776e6d5a47544b424e412f6738387741414b435246524867672f5039654d344f7273374f4e6f3632446c3874367238472f794a695975502b35632b7263454141414f46306674482b4c432b7a476f4137426f42742f71496c3767526f586775676466654c5a724950514c55416f4f6e61562f4e772b483438504557686b4c6e5a3265586b354e684b78454a62596370586666356e776c2f41562f31732b5834382f506631344c37694a4945795859464842506a6777737a30544b55637a35494a68474c63356f39482f4c634c2f2f776430794c4553574b3557436f5534314553635935456d6f7a7a4d71556969554b534b63556c3076396b347438732b774d2b337a554173476f2b415875524c6168645977503253796351574854413476634141504b37623848554b41674467476944346339332f2b382f2f5565674a5143415a6b6d5363514141586b516b4c6c544b737a2f4843414141524b43424b724242472f544247437a4142687a4242647a42432f78674e6f52434a4d544351684243436d534148484a674b617943516969477a6241644b6d4176314541644e4d42526149615463413475776c5734446a3177442f7068434a37424b4c794243515242794167545953486169414669696c676a6a6767586d5958344963464942424b4c4a43444a69425252496b75524e556778556f705549465649486649396367493568317847757045377941417967767947764563786c49477955543355444c564475616733476f52476f6776515a4851786d6f38576f4a765163725161505977326f65665171326750326f382b51386377774f6759427a50456244417578734e4373546773435a4e6a7937456972417972786871775671774475346e3159382b7864775153675558414354594564304967595235425346684d57453759534b67674843513045646f4a4e776b44684648434a794b54714575304a726f522b635159596a4978683168494c435057456f38544c784237694550454e79515369554d794a376d51416b6d787046545345744a47306d3553492b6b73715a733053426f6a6b386e615a477579427a6d554c4341727949586b6e6554443544506b472b5168386c734b6e574a4163615434552b496f5573707153686e6c454f553035515a6c6d444a4256614f615574326f6f5651524e59396151713268746c4b765559656f457a52316d6a6e4e67785a4a533657746f705854476d675861506470722b6830756848646c52354f6c39425830737670522b6958364150306477774e686857447834686e4b426d62474163595a786c33474b2b59544b595a3034735a783151774e7a48726d4f655a44356c765656677174697038465a484b4370564b6c53615647796f76564b6d7170717265716774563831584c56492b70586c4e39726b5a564d31506a71516e556c7174567170315136314d62553265704f366948716d656f6231512f7048355a2f596b4757634e4d773039447046476773562f6a764d596743324d5a733367734957734e71345a31675458454a72484e325878324b7275592f523237697a327171614535517a4e4b4d31657a55764f555a6a3848343568782b4a783054676e6e4b4b65583833364b336854764b65497047365930544c6b785a567872717061586c6c6972534b74527130667276546175376165647072314675316e376751354278306f6e584364485a342f4f425a336e55396c543361634b70785a4e5054723172693671613655626f62744564373975702b36596e723565674a354d623666656562336e2b6878394c2f31552f573336702f5648444667477377776b4274734d7a68673878545678627a77644c3866623856464458634e41513656686c57475834595352756445386f3956476a5559506a476e47584f4d6b343233476263616a4a67596d49535a4c5465704e3770705354626d6d4b6159375444744d7838334d7a614c4e31706b316d7a3078317a4c6e6d2b6562313576667432426165466f73747169327547564a73755261706c6e757472787568566f355761565956567064733061746e61306c317275747536635270376c4f6b3036726e745a6e7737447874736d327162635a734f585942747575746d32326657466e5968646e74385775772b3654765a4e39756e324e2f5430484459665a447173645768312b63375279464470574f7436617a707a7550333346394a62704c3264597a7844503244506a7468504c4b6352706e564f623030646e463265356334507a6949754a53344c4c4c70632b4c707362787433497665524b6450567858654636307657646d374f627775326f32362f754e753570376f66636e3877306e796d6557544e7a304d5049512b42523564452f43352b564d4776667248355051302b425a37586e4979396a4c3546587264657774365633717664683778632b396a35796e2b4d2b347a7733336a4c6557562f4d4e384333794c664c54384e766e6c2b4633304e2f492f396b2f33722f3051436e674355425a774f4a6755474257774c372b48703849622b4f507a72625a666179326531426a4b4335515256426a344b74677558427253466f794f79517253483335356a4f6b633570446f565166756a5730416468356d474c7733344d4a345748685665475034357769466761305447584e58665233454e7a33305436524a5a453370746e4d5538357279314b4e536f2b71693571504e6f33756a5336503859755a6c6e4d3156696457456c73537877354c6971754e6d357376742f3837664f4834703369432b4e3746356776794631776561484f77765346707861704c6849734f705a415449684f4f4a5477515241717142614d4a6649546479574f436e6e4348634a6e49692f524e74474932454e634b68354f386b677154587153374a47384e586b6b78544f6c4c4f5735684365706b4c784d44557a646d7a71654670703249473079505471394d594f536b5a427851716f68545a4f325a2b706e356d5a327936786c68624c2b7857364c747938656c51664a61374f517241565a4c5171325171626f56466f6f31796f48736d646c5632612f7a596e4b4f5a61726e69764e3763797a797475514e357a766e2f2f7445734953345a4b3270595a4c56793064574f613972476f35736a78786564734b347855464b345a5742717738754971324b6d335654367674563565756672306d656b317267563742796f4c4274514672367774564375574666657663312b31645431677657642b31596671476e52732b46596d4b72685462463563566639676f33486a6c4734647679722b5a334a533071617645755754505a744a6d366562654c5a3562447061716c2b6158446d344e3264713044643957744f3331396b58624c35664e4b4e753767375a4475614f2f504c69385a61664a7a7330375031536b565052552b6c513237744c64745748582b4737523768743776505930374e586257377a332f54374a767474564156564e315762565a66744a2b3750335036364a71756e346c7674745861314f6258487478775053412f30484977363231376e5531523353505652536a3959723630634f78782b2b2f7033766479304e4e6731566a5a7a4734694e7752486e6b3666634a332f636544547261646f7837724f454830783932485763644c3270436d764b61527074546d767462596c75365438772b30646271336e7238523973664435773050466c3553764e5579576e6136594c546b3266797a3479646c5a313966693735334744626f725a373532504f33326f50622b2b3645485468306b582f692b63377644764f58504b3464504b79322b5554563768586d71383658323371644f6f382f705054543865376e4c756172726c6361376e756572323165326233365275654e383764394c31353852622f317457654f54336476664e36622f6646392f58664674312b636966397a7375373258636e37713238543778663945447451646c44335966565031762b334e6a76334839717748656738394863522f6347685950502f7048316a77394442592b5a6a387547445962726e6a672b4f546e6950334c393666796e5138396b7a796165462f36692f7375754678597666766a563639664f305a6a526f5a66796c354f2f6258796c2f65724136786d76323862437868362b7958677a4d5637305676767477586663647833766f393850542b52384948386f2f326a3573665654304b66376b786d546b2f384541356a7a2f474d7a4c6473414141416759306853545141416569554141494344414144352f774141674f6b414148557741414471594141414f706741414264766b6c2f46526741416268394a52454655654e727333586c38564e58392f2f48507a5577536b70415143414c4b466843426230464155567967697569335742644371785a74725369314b6c56772b367038713358446675327672664174746c715866696d4b4b314346414d484b71694169465949677373516759616d457861797a5a4c626648356d624f624f454e6375356431375078324d65574e767133444e337a6a336e506564386a68454b685151414141414141414436534b454a414141414141414139454a6741774141414141416f426b434777414141414141414d305132414141414141414147694777415941414141414145417a4244594141414141414143614962414241414141414144514449454e41414141414143415a67687341414141414141414e454e6741774141414141416f426b434777414141414141414d305132414141414141414147694777415941414141414145417a4244594141414141414143614962414241414141414144514449454e41414141414143415a67687341414141414141414e454e6741774141414141416f426b434777414141414141414d305132414141414141414147694777415941414141414145417a4244594141414141414143614962414241414141414144514449454e41414141414143415a67687341414141414141414e454e6741774141414141416f426b434777414141414141414d305132414141414141414147694777415941414141414145417a4244594141414141414143614962414241414141414144514449454e41414141414143415a67687341414141414141414e454e6741774141414141416f426b434777414141414141414d305132414141414141414147694777415941414141414145417a4244594141414141414143614962414241414141414144514449454e41414141414143415a67687341414141414141414e454e6741774141414141416f426b434777414141414141414d305132414141414141414147694777415941414141414145417a4244594141414141414143614962414241414141414144514449454e41414141414143415a67687341414141414141414e454e6741774141414141416f426b434777414141414141414d305132414141414141414147694777415941414141414145417a4244594141414141414143614962414241414141414144514449454e41414141414143415a67687341414141414141414e454e6741774141414141416f426b434777414141414141414d305132414141414141414147694777415941414141414145417a4244594141414141414143614962414241414141414144514449454e41414141414143415a67687341414141414141414e454e6741774141414141416f426b434777414141414141414d305132414141414141414147694777415941414141414145417a4244594141414141414143614962414241414141414144514449454e41414141414143415a67687341414141414141414e454e6741774141414141416f426b434777414141414141414d305132414141414141414147694777415941414141414145417a4244594141414141414143614962414241414141414144514449454e41414141414143415a67687341414141414141414e454e6741774141414141416f426b434777414141414141414d305132414141414141414147694777415941414141414145417a4244594141414141414143614962414241414141414144514449454e41414141414143415a67687341414141414141414e454e6741774141414141416f426b434777414141414141414d305132414141414141414147694777415941414141414145417a4244594141414141414143614962414241414141414144516a444e5a4c74517744443774734b6c3542626b694d7354387a30454a305469514a773476574b6e38787841746f7239516949384a414141417343736a5751623842445952552f4d4b33684f52736251455641454a5076506b34634b6e70543673695831425177513241414141674832784a53724a544d307247436d454e556a594761524d756a7272374d34696b69346971534c6943506352704a304141414141304f4a7a4e4353626d545142456a46453270325433754f5049704970496d31454a4530496251414141414367565244594a4a476e383862634c794c35744151616b323434782f30382b384c2f464a45736951357443477741414141416f4155523243534a71586b46755959596a394d534f4a596571523065454a4563715139743071572b4f446d68445141414141433049414b623544466452484a704268784c47794e31364730354639386b3861747332426f4641414141414332457743594a544d307247434969743949534f4637646e52337579452f4e4f31337136396d59713277496241414141414367685244594a4966704e41464f524b726836507a447a4947335348514259716655427a61454e674141414144517a416873624f367076444733696368495767496e3667786e3776696836543350464a454d695437716d38414741414141414a6f5a6759324e54633072794532683044424f77616a4d2f6739492f53716244496d73736d467246414141414141304d774962653774504f4d59627079416e7063337761374d47445a6636774b614e734d6f474141414141466f456759314e546330727942655265326b4a6e4b707a306e73384b7046614e687a7a4451414141414174674d4447766a6a474730306931584230766a316e52477742596f3735426741414149426d5247426a5131507a436b614b79466861416b326c5732723732336f36387a704a644146694168734141414141614359454e7662454d64356f5567354a79626f752b3977484a66365962304962414141414147674742445932383354656d5074465a416774676162575069587a796c475a2f51644a66576a444d64384141414141304977496247786b616c354272734578336d684777394c7a373566366256486d3169685732514141414142414d794377735a636e68454c4461455a5a4b656d4462386d353644714a726d56444157494141414141614749454e6a59784e61396769496a63523075677565553738796230544d33724c425167426741414149426d5132426a48785161526f74494e52796472386f632b484f4a4c304273434b454e414141414144514a41687362654370767a4939455a435174675a5a79686a4e332f4e44306e6d644b2f4e596f4168734141414141614149454e6859334e6138674e30574d616251455774716f7a503450535030716d777a686d47384141414141614649454e745a336e346a6b3077786f61546b7062595a666d7a566f754e51484e6d324556545941414141413047514962437873616c3542766f6a6353307567745a795433754e52696453794d592f354a7251424141414167464e4559474e743034566a764e474b556731483539747a52747769305157494f6559624141414141453452675931465463307247436b6959326b4a744c5a7571653176362b6e4d3679516338773041414141415459624178726f34786874616345684b31706932672b2b532b474f2b43573041414141413443515232466a5155336c6a62684f5249625145644e484a6b583364714d7a2b6736512b744f475962774141414141345251513246734d7833744456735054382b36562b573553354e5970614e674141414142776b676873724f634a6f6441774e4a53566b6a37344a32335047793252774d5973514777496f513041414141416e4241434777734a482b4e394879304258665650367a4b355a3270655a346b75514d7a574b4141414141413451515132316a4b544a6f444f5567314835367379422f35633467735173386f47414141414145344167593146544d30724743736949326b4a364b367a4d2b66366f656b397a3554494b68756e734d6f47414141414145344967593131634977334c4d45684b566d6a4d76732f495057425452754a684459554941594141414341343052675977465438777165464a463857674a576b5a50535a76693157594e47434d643841774141414d424a49624452584c6a51384c3230424b786d554871336536552b7347467246414141414143634943644e6f44324f3859596c745446537a3777395a38517472316174666c6c45366b54454a79494245516d4758794661435143516a41794433793441484e32536f71496834586d672b616545517146384f6647644638556955686e2b2f7865485171454b6a38657a2b37727272392b6c2f472b53656c776543756c372b59624f6279375a48347854387770476973674b756974595655434374544d7250786d3732333934542f684255537369486f6b454e37447077775541594b39784b59446d7361536f614b5455687a49397733384f6b52623677543455436d304b68554b3751364851706b4167734d6e6c63685866654e4e4e5a7041546b69514a63676873654443656c4b6c354252764458316a4173736f4431664f6572316a2b6a49685569456931694c676b73746f6d61524b48384d4e345a4d7a4467524737706c777531367a7272722f2b472b556544566e3963777747677975767675616156544866753542796a2b614c794b33636f395a77724d2f7a46506f71573977487a64552b72665438754657555839517438486c552f504371712f3455302b5968433757336c7631384b4254363571717272353756574c746138443435356a5058707550423350443964576e34542b336d656b714138314674626533374e3935306b2f6e5a3250627a30546b54595575557070374b47334f62454e6241426a6f35737138626c646d2f634c6c7232326353767a55716d5a61496a4a54364c59344e2b49565636386e656168485a7039796e35702b572f527744675942445244364a755237316c6338396168334838586d657248744635443672337763704b536c6a52575359306837424a6d7166316a42654452437338486e4d6d7a74333733585858373867515239716862625873703850685549666963696252376d6e4c586566484d637a3178626a7850445770724569556d43462b5a31684744304e772b695a6b7049794a6a63333934394669786676397676396858362f6639575066767a6a393576776559506a655a37524250715a6d6c65516d794c474e466f43646a45735066392b695339416e465448664c4e537756714f48446e5352694c483070756e6e4b56592b5850302b58784f3554756f6e74786d68414d41376c4562665a366e594b7764327363776a45465050764645762f44334f4e584b7a783072396a755a6d5a6c2f6e444268517566595074514b3761397265346444326f7847376d6e4479732b6e787036355668346e4c696b71796c395356445239535648524c68485a4b5055683442434c3971633955314e5437386e49794a685474486a786f59574668544e6e762f37366552493555435370787651746a634247547851616871316b706151502f6b6e62383059726b3475304a707863574f4a5a783131674c52555646526b69306a5a387a36615a67354a674d476a5a7a394c6a3861534872796c544766416e302f66515670726a38317777663334764f6646696c747271316176586a30556b4b2b5a37624c574a6853572f6d345a68394c6879394f6a66684e752f6a664c633137333974583176775744516f587a6e4d2b7a55687a66797a4c5663434c436b71436833535648527255754b696a614b794336705836316f6d7a34312f4e3175353351366639367859386431525973586c377a336a3338382b4f51545435776d6844664e686931526d676b66343332664c752f6e6b6f647635454f78734d6f3935624c7072655661764a662b6156306d693868534566464b2f62596f763951766555324b576a6242594e42774f427a636c425a78354d6952624246704a2f5646736d76446637764f79723967756c79756a5041316561572b6c705249354e51324978414963492f61352f4d384b616d707157507431455a7432376139576b546546684733306b62716467744c7a492b73327634354f546d33502f6e4545367565664f71706c636f6b726b343033306168362f5061372f63377066344833627277506133657a35592b794b47525a3237494b74656c3150363656354c6f523366444d48706b5a47543876777375754f4458432b625058376837392b356e4a6b3265584372524a384b795a656f5545646a6f5a365a4f623462417874703272396d6954574354616a673654327833366139657246773158654a72325268323739445a456d55745664585632534b534533354f6d7346694942414970446964316e7830756a306563344a764476514455682b634275726e4b454875556674386e6f47542f4d654f74314d625a57566c6e54646777494275583337353562666d584678704838744d4a454b686b474856656c4b4442772f2b6a5968736b4d69716675306e63726f2b722f312b66367149744a6636384e46517676502b2b7264743366756b6b576575655733616a68484451633054456c4f6f50646b59687445754c5333745a32656464646250467379662f305a7061656c763737762f2f6c4b4a2f6d4757344f596b7353564b492b466a76456653457243727a7336633634656d397a78546f6d765a6d4d74356266307334394f33466f2f626e536d5235646b4e3936716c61396a553161574a534c596b726e744344527437665a346e2f466b756d442b2f6c324559672b3357546a6463662f3050456e795857624c66516a49794d76722b3963555837786672624932797770596f737931745565766c4b4d39636261387276505670757452766537715662337045576c72617a2f72333737393177667a352f2f6648502f7a684c4c463444544564454e6a6f5a535a4e4144747a534572574a526c6e335347526f6e6c573264506546414d74486c4a576d677a37664f6b5358774452306b556477372f4f7470484539553634502b3331655a347770394d35306f3774314b74587230736b55764e4472593168465a622f6275626e3539392b323232336e52762b484d772b5664766e76713750363342676f3436663148765a3076644a5938396348613972535648526b784b7054344e47704b576c2f585441674147667a4a733739366e3737372f2f4e4347344f576b454e7071596d6c6677704e69734b425751534164483175677857594f485333786f512b634e66536244675543714d7267775130564c507a50446733316258564d79612b7250307a434d416a7532552b664f6e53383473336676504f563559376c5643586259557676444b362f384c346b556747616c30386e66423748662b595a517739492f4b466a676d62756b7147686b754a677768384d632f334f6c58565a573169502f656355566e3737793873762f6164552b754c5578554e5041314c7943584b6b765567556b686250547539346e6b5a4e4e30695235746b624257674e6a5777306d677448587845434a7a375042764c6c7a3239733173424552756672717138384a503274694a77746f49546b354f554f6d5066666362544850666b36704f3548766650334b6e78546c5a5a7532302f6d5a7132782f57694557505a613731514f486c4a5475336274334c357a2f2f76747a4a6b795930466c5962584e6937556354614747366b4e51696962517855732f386566614631306e386362523033414451776a49794d6b62612b666f47444268776b5551484e6b7755576b472f6676306d584850313158326b6b547061674736574642554e455a474e7776616e4a7047656e7637444736362f66764f4c4c377a776e306f665148393844415132725378636150685757674c4a706b3961703374364f764d364338756a4161425632586c316a596849313635646834556e4275614b546e586242567149772b466f65387374747a776c6b61315261547a376f61736c52555833535831596b3039724e4f6e7a4a7164587231377a3538365a3830654a2f47684c50334155504b686133784d30415a4b7a387a48616a6d6b372b43364a46494d305178755752774e4179773667625233594f4a334f7a4d6d544a6f32512b473152504739615745354f7a70424848333330536f6c665963766e414332457430444e6c506f644547676d6264753276574e685965487136362b2f2f6e534a506a6d5734435a757a6f5257383154656d4e75455937795278446f35737138374e37324865737733417a63416145474c467933366b53544274757942417764654b4a484178707759384c787042526466644e466a6777594e696c316879346f6e744c6f6c52555835556c2b72356c5a616f2f6b356e6334427635677759634d7a5536634f6b7959363864434f3642686279645338677477554d616252456b683250386a38336d386b7667417836546f41744144444d43354e6875733837625454426b706b577854506d6c626b63446a61546e6e6b6b61636c2f7268314a6d6c6f4e5571396d694730526f732b67334b47446833366a372b392b756f455961746b516751327265632b6f64417749466b7036594e2f30766138305a4c343541674151504d4f6c67755334546f7a4d6a4a4f4b79676f364375524c56455575323946485470302b503639393937376657467246445151446d74574d4464727465645154746575586165392f4e4a4c74776d68545277436d3159774e61386758366864417a546f6e395a6c736b542f30736178717744517a4259574670346a535652513834724c4c3739436f6c66594d43466f525a65504776576277594d487131756a43473351347059554664307168445661364e476a78782f666576504e2f7865654536517a48366a485a4b68317a4b514a674968557739463559727552457958784c32304d33414367475467636a76484a644c3364756e5737514f4b3352524551744a4b30744c5175393978393939304a6e763245614767525334714b786f626e5a626d30686837617432382f34643133336e6c424971474e4761776e62573542594e5043777364346a36516c674769646e646b336e4e656d5a32396865545141744a536b476f2b45743058316b2f6a41686f43676c58547633763247386550486e7950317132783439715046684c644238534f36686e4a7963713537352b32332f794b4a7739796b5132445438756759674151636b704c312f545a6e33616b4d3274495953414e413831677766333476777a41474a3974316e7a6430364743686a6f31574373614d65567845736f546146576768314b7a52583774323758373878757a5a7a3072305370756b4447304962467251314c79434a79574a396f6f444a367144493276306d4b7a427779552b744748514267424e4b44553164577779586e662f2f7630766b38693271465443676461586d5a6e5a3534572f2f4f55656961356c523543475a714563335a314c612b67744c7939762f504d7a5a74776939594675306f5932424459745a477065516136493345744c4145663376625454623566345937344a625143676152556b3430566e5a32666e4478382b764a7445427a614541363273642b2f654536363636716f2b456c32416d4d38455457704a55564775694c776e6844575763645a5a5a7a30373430392f696731746b71716d4459464e79356c4f3577416357315a4b2b7543665a3139346e564345454143617862793563397362686e4670736c372f6c5664656562464536746977796b5954743434662f36524556746d6b38376d67476377556b534530673758303664506e767964506e6e792b78426369546f712b6763436d42557a4e4b7867694972665345734278647378706e65377036637a727a4b414e414a7065526b62473247532b2f6a4e3739315a50692b4a484155336b354f514d6d66626363784d6b657055744a306169535377704b6e7053524d6253457461546b704b536665586f30613964654f47465a79546a33494441706d564d70776d41452b6d596a4c5a585a51323857614c33737a735a7441484171544d4d6f79435a72373944687734446576667533563453482b2f4e4d36595639657658623849313131787a706b52766a574a624e45374a6b714b696b534c794243316834626c42536b72324977382f2f496149744a556b4b31424f594e504d6e736f62633574776a44647777733577356f342f4e3732484f576a6a71453841614270477367633249694c6a786f30624c70775770523248773948327068747666466a6961396b527075476b4b4856725948455a47526c395a3836632b61545531374f4a6e527659746e386773476c47552f4d4b636c5045654a79574145374f447a4b2f3978754a506a474b7256454163416f574c316f306c6c59513664653337775553583866475163753076727938764247505076726f447957366c7032545a7a394f456b5747626554304c6c312b4f6e58713147736c6357686a537751327a65732b34526876344b526c7061515076695a72304168686c5130414e416c57313954723071584c734e3639652b644b394c596f382b51526e6a4774374f4b4c4c6e7073304b424258535336586b58534865654c55374f6b714f672b59616544375a78377a6a6c547a7a7676764336534a4557493666536179645338676e78687279527736703179656f3966532f5370455951324148435343477769626d7838577852616d635068614476706e6e742b4a644731374b677a684f4f32704b6949755a694e2b34634848336a6764314b2f79736232525968354b4455664367304454534456634853653247376b7279522b6c51322f67674c4143566930634f466c77746141426a31373968776b484f2b74726537647539397737373333666c39595a5975544d35502b7a7237617432392f79524f50503336315246625a324c5a2f494c4270426c507a436b594b783859425461617a4d2f75476e73363854734971477741342b5546665367717261785264753359644a74484865375074526a4f586a7872316d384744423864756a534a55773145744b5371365664674b5a58744468773539634d6a677761644c394e596f32383050654341316a356b3041644230484a4b5339654f32352f795878432b4e5a744147414d654a375644526e45356e3575524a6b305a4939436f627474316f4a433074726373646439777858754a506a654c356a34544370304b783079464a2b6f6466336e48487252497051477a4c2b51474254524e374f6d2f4d2f554b685961444a6458426b6a5236544e586934734d6f474145375977734c436378696678427334634f4346456c33487870612f3046725a6d623137333362722b5046444a416d325071424a5043464a74685771764c7838682f7079755679486b366c2f754f7148502b776a3061664b3261702f63504b64626a7054387770795259526a7649466d3872323030323966554c767055784878696f685052414969456853525550674641456a413458434d705258696e584847476561324b444d49595057476873614d476650453332664e756948383750667a2f45636934554c4439396e35476e302b6e2f75626237375a7447486a7875495050766867782f37392b31334b393844384c6f52455250377a6969743644427332724e2b6751594d75627465755858653774736e506676617a427863584655304f39772b326d7838513244537436554a784b36445a5a4b576b442f3535396f58587656373936527369556866544b51635a744146416f39674f6c5767673748526d46525155394a302f662f3447695151327a76447a6865654b4a6a497a4d2f7538384a652f545072563358632f4a39476854596a50435172626e67726c63726b4f723179356374474d353539664733506642324e654461484e68307558377668773664496449724a6f364e43686e535a4d6d50436a4d337633486d363374736e4c79787378365a3537686a2f2f357a387644383850596b4e6453324e4c56424f5a6d6c637752455275705357413574556e72644d39505a313546434145674f4f3059503738586f5a68444b596c45727669387375766b50707455657032473534726d756e5a732b645072726e36366a345366576f556e784e45704746316a65336d596a36667a37317131617135503737757573646d50502f384a3149665250696b50706a776949684c5247704670436238716861524b755850476847702b667a7a7a336666666666644d3135372f66566e334737334962753130346752493236582b474f2b626245316973436d36564463436d69525473746f65315857774a7556415a745a674a41696b51435151477071366c68616f584864756e573751434931624b686a6f796d48773948326c6c747565556f697453723430515971323632757161696f3250752f662f72547447642f3937756c45676c717642494a6171724472306f527152435237355458456557764b384b76716a666666504f7a2b7839343449467676766c6d6c5a3361716c3237646f4e2f4e58486978524964364e6f696647644c56424e344b6d2f4d62634c526355434c4f634f5a4f2f3763394236464737786c5779562b6162535753782f484642513849794c54524352485244714953463734727a4f6c506e52713167423953564852793162366a4d764c793366634d6e363847595448376374755a6f4877674d67763055754d6262336b2f727272722f3949367266315a6f744965784870474c35483234596e526f376d2f50652f4e6d7657673530366465724850587063676c4c2f36367135355074595337387635636e527549794d6a4e4d4b43677236686264466d5438436d414e397474746f4a43636e5a38693035353662384d4344442f3556656636622f6254775753556e4f3636757161696f325076416777394f4339656f4359547664544f775556393145746b473549385a73786a686673775237746453525354746d322b2b6364303163654c765833377070574350486a30757330756258586a6868654e6565504846543557323058352b634477496245345268596142317647447a4f2f395a6f4f3362494c7973504a725072465739786e37772b2f5a713077496d6a5039742b6f7643346e325a7266456f4477594d7769797a54376f34326a766b4249416d4e667643662f393567775644596644456551655061462f623132432f692f7550703033643235376a764d2b7468456a526c7738662f37387a524a5a5a61502b4d6b73496f4a462b2f66704e4f50767373392f6676486c7a62414869414a395630724c5636686f6c724b6d562b4a55313776444c4533365a4233456b71747469726a35335343533053512b2f4d753634383837667676724b4b38467533627064626f64323639537030305758583335357232584c6c706c746f7a34664c597641357454644a78795443625334724a54307764646b445271787350614c5a524a6667466a58415a736131726a446b344741525062684e39746b324b49666331415a7150696c355834704d662b6437746748766d45596470384d7150656f4a7a784f4d4d4f42356c786859786947456551655061462f7230385a764463364b4d334979426a4c452b5059386e7632484359694d3458546f72546e63446a61546e6e6b6b61642f6476504e64307438675645437469526a7439553150702f502f6276662f65367634624447722f54314c6f6e55713347462b2f3545595933366f3445683061464e7779716238442f542b38666e6e6e76756d576565366455324b36753348647276707a66644e47485a736d5750533353595a656b66336768735473485576494a3873584531636b4233353662332b50584332692f5753754b564544703179757176384f5a45324347527254664f5a703455574c56656d546b703953724269552b612f3164554d37547768676446487248424c7a5448655a2b617936356a7778716e4e50384b477a2f3336416c39566e376c3332762b752b4e57326243363576686b5a32666e4478382b764f75614e577571685731523273764c79787678364b4f502f764333762f337466496e6543754c6a73306f36743972705976342b61395a66697a64744f695452507836705259584e77455a6459586d3038612b686a41584e6c545a703574683532375a7476766e7a357a2f3973352f2b394f3932614c2f4f6e547466334c647633394e32374e6a686c766f41586d306a4170736b524b46686f42576c476f374f742b654d754f5856717457765350537644446f653832304f4a4650434431743155747a63762b4a614d62417877774e7a4e564b4e4d6b42703776416b4a50476e4d4e534a694e2f474b3278434d5731752f6b72746c636a326b4761395235314f703439373949542b33577177614137636654482f58734d77444f7258484b637272377a79346a5672317053474a7a506d4b687566734770445378634d473362666f454744316e33787852632b696638566e633872655979337934567333724a6c2b62783538375a4c39477273576f6b55463636577941394a35672b56783350666d3674732f4f45786f626c79787963692f746466662f3166463139303064393639657231433675336f6450707a4c7078334c695254302b644f6b65695679465a7470594e6763314a6d7070584d464a45787472394f6e657632644c713736486e38494757624474505a613063324c4b7256643944612f2f3757304b33315061333958546d7a642f745036787a4c5275314e6b6964525038366e744943675972446f682b76757472442f48584a7254783457794b38384373446d325359414a6a426f746e2b586f6d454e63305a3244696354716566652f5345503674677a443061316663745872526f724e51586b735a78364e2b7633796752655665694178753252576b714c5332747936523737766e564c2b2b3459367245727a526756565153574c786f30592f454a71557066443666652f7230365175563534713579726447497364303130683057484f383431333166324e2b50364c436e6f6d2f2b7458304266506e583557576c6e613631647479304b424250784b5242564a2f57705161326c6779664365774f586c4a7362726d39594c48577630395048626f66557532335945747537526f5037747a534572576a39756538312f544b35622b7430522b596459317444485466584f535a5662766c2b61654446733450464472715a6a37743733532f4b73583145464e773535776d39657743556e30336e667a6c376957754564544c467a44707258763056426a6b31533251353259374f7a732f4e3639652b65576c706247626f737968465532577572657666734e393931373734722f2f644f666c6d76382f45637a4d517a444e71747250767a77777a6c4b6b57463164593061317067317930366c4a6b736f356a7653384d386f4b536c35345876662b3935557137646c32375a746531313679535539563333306b626b74536732354c4e63337050425650334650353432355830534730424b41486a6f34736b61507975772f574551794a46497773726d33634a7a4d41314a647457476538474c576e3341333438746a38514168397353696c6d6976524363764a4d73705562484868375a496d36656b7041533552302f71486f33646e303967637772472f65516e49384a68545777644731625a61477255714647506930696d4d675a675a56515357464a556c4775585073376c6368326538667a7a6e796a50456e5856706c6d334a7262412f4b6d4d5364546e66554d422b7763656650414e6e382b33337735742b6f4d662f4f4437456a6b52793949724a676c735474445576494a635177794f385159304d7977392f3737775945336e4156767373636e716c70766d666c6b3551496a642b744653722b506447323748304b62463731474c726c375339683564574668346a724164366f543137646676416f6c73695570565168746f4b693074726374662f764b5853654851706b333438794e6f732f76444b6853367a533758736e4c6c796b555366354b6f65694b555279492f4944585665435252614f4d3666506a7750327a526c2f667465345553324b6a7a4173736873446c78547a4141417653546c5a492b2b4a61636936344c427a5a744a4c4c4b68674562674b546a63446930325371776563755735565a7074394f3764446d2f642b2f6575654542507174734c4f4c4d33723176753358382b484d6b657155746e356d4e47595a7869783275772b667a7565664f6d3163734d63474a31496331746149636643424e2f2b4e5237494544336e57666666614748646f314f7a73376638534945543255767479797132774962453741314c794349534a794879304236436e666d5465685a3270655a366b506242697741556a6d795977575777584b7938743366507270703575733148626a786f3062495a45564e6d72344434324e4754506d4352484a45725a4732643638755850626930334b552b7a65766274342f2f37394e5a4b34486c716941734e4e4c57707237347376767668316257337468335a6f3239476a52772b58364d44476b75453744353854777a4865674d5a534455666e717a49482f6c79696c30553770666c50754145416253795950372b5861484a79796c6662746d32614e322f6564722f6637374a4b2b2b583337486c322b506d524c717a5774497a4d7a4d772b30353537376a614a33787246474d426d4d6a49797874726c577435372f2f336c456e30796c466b445456315a30397831394e51444d656f714b69714b374e433233627431477969526d6d535733654a4b59484f636e736f6238794d5247556c4c41486f3777356b37666d68367a7a4e4637774c45414e4273556c4e54745a6e4d6650625a5a7a74454a486a6777494874566d6d2f726c32374470506f465462717469686f72462b2f66684f7575667271506c4966326a414773436b3746527465746d7a5a626c47324a456b6b72444550506d697051772f4d304d61336666763256585a6f33793564757068397561573375504c674f5135543877707955385359526b7341316a4171732f3844456a6b78777579672b585555514c4c516f6e364e7a2b647a6d354f524c372f38386e4f724e4a37543663796350476e5343496c665373394b44633035484936327439787979314f4d41577a4e4d417a6a556a746353476c7061624645567261593957746954366c7372713151735271325276332b4433386f3966763958397269595668663279704e34726446575161427a664735547a525a57677a6732484a533267792f4e6d765163496b76514d7867445943744c5a672f7635646847494e3165432b37642b39756d49783876487231466975313438434241792b55784b74736549376f5067624979526e79364b392f2f554f4a624931694447416a4377734c6834684e446f4435637576576e524a394f7051332f47717134377450564d50574b492f487338594f625478777749424234543741736e56734347794f59577065516236493345744c414e5a79546e715052355842576a71446251444a774f6c306a74546c76657a5975584f484f6668667633373933707261326c4b72744f4d5a5a3579684c715733374f6b69796572696979392b644e4367515a306c7567417832397073774f46776a4c584c746379634f584f44524536484d674f624f6d6e353154556d3838536f5146565631576f377450455a5a357778514b4b446438764e422b69306a6d32366349773359446d706871507a37546b6a62704834346f4d4d754148596c6b36314865624e6d3764526d5978344478303857477956646e51366e566b464251563945777a3065595a5959314c6664736f6a6a7a77746b564f6a4f4954415067626234534c4b7938764e5146734e62466f7a7246454639753362563279486473374c792f74652b4c7576397555705675724c4357794f596d7065775567524755744c414e62554c62583962543264655a306b7567417867323041746a527637747a327567513246525556652f66743231656a544559385833373535516f72746563566c31392b685842616c475631364e44682b2f6665652b3849595775556e64696d6673337573724b474659675348396730357a4865787849536b644276486e39385679675571724a445731397a7a54566e53654969386751324e734178336f43464f53516c3637727363782b552b474f2b47584144734232646a72726457564a5348444d5a3854372f357a2b7674564a376475765737514b686a6f326c585435713147384744783673626f30365a6d67544341523230334a36736c50396d6c3237647531522b6b697a686f32357571616c546f5a4b704b4834734e2f763332794874763765662f7a486d574c68552f384962427278644e36592b30566b43433042574676376c4d7772523258324879516338516e41356e543635586e6c79705846456c6e753331424d7337713665706c56326a4d6a492b4f30676f4b43666d4c7849324762556b56467856347276642b30744c517539397839393930537638716d30632f51362f5553324f67366355314a73633363724c693432447a4f327779313162436d4e62644453666a6648665435664c594962504c79386a704a5a4675555131686859333154387770794454456570795541657869576e6e2b2f31502b36706859665a4a554e414676525a547555657079334d686e78696f693373724c7955797531615868626c4c724b4a716b446d344d48442b353175567948726653657533667666734e39393937376665486b5344763063666c32754136667a2b66657347484477584166615734626a61316430397142546367776a416f37744865336274322b462f374f4f3250366355746b495151326954306846426f4762434d724a583377543971654e316f534c346c6d77416241386859765776516a5863597542773463324336523154586d557638364566462b766d4844516975316135637558515a4b64423262704137387533627465746236662f3172756458653979575858504b4152416f5138384f4e64646d6966733133333332335279496e4d766d566c786e67424676354c595a454a46525257666d7848646f374d7a507a4e496b454e7245724a62587641776873596f5350386236506c674473705839616c386b39552f4e4f61423837414669465474756876746938655a4e456e3335694674543076666a6969365742514d4179323271797337507a68773866336c58715135733053664a564e706d5a6d586c465255584666722f665a62483333656376662f6e4c4a446d4f6b794d64446b6549486b5850626b3545387531774965586c355762394772584f6c376f6453676568564b637a614966327a736a493643695277435a32537853426a51584e70416b412b306b31484a327679687a3463346b76514d7771477744576e386c6f644a7a337878392f7645326974304f5a7854523949754a7a7539324c726453325634346550567a716778727a755a4855717a5036394f6e546f626934654a6e56336e642b7a353433584858565658336b36436448686d37347955382b6f6b6652745a737a65747268516a77656a3073696f62625a563671316133514944554d332f2f7a6e712b787938397838383830444a547130595575554655334e4b78677249694e70436343654f6a747a72682b6133764e4d595a554e4142745a574668346a6d6a7979334e46526358656a52733348704c6f58343539796c2f3771367171566c75706666763337332b5a524662594a50317067304d47442b3737346c2f2f2b6b2b7272624a784f4278746278302f2f6b6c686135516c4c56713438464b3758457678706b336d746c477a6e315333516d6b5432476a79507070454d42673056396177777362694f4d5962734447487047534e79757a2f6748444d4e7741373957304f78336864337376657658746a363966346c466441525077546676474c5169753162335a32647636494553504d625647787838496d3362506a394e4e5037375a76333736616e5474335771362b5255354f7a704248662f33724b795679637153354e6371496d6168434d364651714c3164727355776a4a4245723741787735716752766466714c375a5135563261504e4267775a394c39786e4a396f57705455436d37437065515650696b333252514934796d41747063337761374d474452654f2b515a6748794e3165534f66726c74584c496d3351366d54456e39645864306e566d726737343859635935457237424a32734c31485470303643346977546666657176496975392f324c42683935313939746d646c58474147734346733446514764324b58677a4447474b58612f6e6b6b302f4b4a464a30574e6641526b516b464167456248473074345243527667377a676f624b776f58477236586c674353773644306276654742326f5a4d594d31516873416c724a672f767865686d454d317547392b48772b393979356337644a347531513673516b5546746261366b364e6e333739627441496e5673314e416d3659514c654962577231392f6f4b797362495856336e3936656e726e4f2b2b343478614a4c3044634d415949424149454e6d67322b2f627471354649514b506a646967526d32324a617465756e566c344f4557696139686f48396f51324e546a474738676962517855732b38505766454c56496632427a317441674130466c71617570595864364c63707933655552746247426a546c43432f2f3733767932316e6562304c6c334f37393237643636774c557045524736363863622b49684c382b392f2f2f72595633332b66506e31752f654756563536706a414f69567475477436784148345a4f4a2b4764696e447470354245427a6271367071515a673176692b3943646e623261654876743658434768454347356d61567a42535247366c487753535337665539726631644d59643830316741384271744b6c66383356703655364a726c396a626f63794178747a4d684a38344d454869345042344234724e66533463654e47534753566a587138643949356f3276586a6949532f475474326e2f76323766765179746577363233337671455246625a714157494a5241496645485867755a77354d695276524964324b677633634952757757585a6c44444368754c6f6441776b4951636b70493170753367757952366c5130466941465978727935633976727368314b5247544a6b6955624a4834376c426e59714c38656830516b345046344c465848706c2f66766864495a457455616a492f4d30377232504730384638475a372f7878697772586b4f37647530473333505050534d6b515532375944425952512b6a46634d776a4679625849766144366f72624e532f7277322f332f2b7848526f394c5330744d39785870776772624b7a6a7162777874346e494550704149446c31636d52664e79717a2f3242686c513041433872497942697279337478755679487738643571367472366952364f35513545516d4b534c43696f6d4b526c6471375938654f4179552b73456e4b625647644f6e58715955342b5636785973662f6262373964597358722b4d3872726e68556f6d76617059704953694151714b53483059746847494e7364446d784b3278307252646a6d7855324f546b35505351533046676d7242464a3473426d616c3542626f6f59302b6a2b674f51324c44332f666f6b765145786f4138414b453567435864354c61576c707353512b7a7473763863763951794953575058525278395a71623264546d666d35456d54686b74383465476b47302b6e7061566c715250507439353636315572586b6436656e726e502f376844326f42346c51526356525656322b6d683947727537504c6852773865484350524b2b7755662b6b646c4c7a537048454b327a5945715570436730446b4b7955394d452f6158766561496b454e75707045595132414c51553367366c5457437a39617576646b683877574831644b6a596955686f3171785a683631327650654141514d756b7567364e6b6b5a386e6673324c472f63733342442f37357a7a324844683161614d567236642b2f2f32304442677a6f704977446e4d4641674f632f6d6f5848347a474c4471757262416872576f62527945747253526e5968492f78766f3937466f434953502b304c704e3770735956494f61596277446179736a49474b6e542b2f6d2f2f2f752f4452494a5a337753585841347470686d77305446362f577573564b37642b3361645a6730766930715753632f495248787a356b7a35362f42594c4461616866686444717a4a6b2b61644a64455674756d2f654c32323966537936415a68524b38524451734f6d797a453950554c564671304d344b4777334e704a384159456f31484a327679687a3463346b73695461587572504b426f43656f30364e5674667332624e6e55336969636254546f524a4e57414a3739757978314b6f4d70394f5a65647574747736522b4731525366653847445a735747666c6d67507a46797a345a762f2b2f5739593856703639757835336567662f4b433352472b50686962656675757466427465567578574b466259744e446a55364b44476c625936475a715873465945526e4a7651704131646d5a632f3351394a356e78677a5757475544514d3852703037316133627455726444785a344f465674774f47717938734344447861485169464c6e63687a37726e6e5869545271327953737642776e7a35394f696e58485249522f3675767676702f566c786c49794979627479344f795279636d5371332b2f2f6b70354744323361744d6d3332535846317138782f78366854544d2f4f735669323646456b6e4f464463643441346a6a6b4a5373555a6e3948314147617851674271436c5251735858695961316546622f396c6e327952364f355435616979735553636e416266625857536c39752f577264734634656444374c616f7048705768454968646449544568482f702b7657485435515876366146612f6e6a44504f2b4d4650662f72547765595949424149564e506236434667703570433956754d644e384b5a5865575768475a5649484e314c79434a30556b6e337355514349354b5732475835733161495455623432696c673041505164764b536e61724b3578755679486c7935625669625270304d3164707833724b43494246307531326f727458394752735a70425155462f53545a56396c45427a626d352b6e372b38795a722f683876763157764b5178313135376233674d304b61797376497a65687330313764482b5a4f564e546a364d7a2b3576686d686644357941456654305a483950616c665a5a4d683866554a414b44563662516461762f2b2f655a32714554486551654f597a49532f484470306b4b7266515a5858483735465249354c556f74504a77307a3472736e4a7773695254766c50423934462f31305565487973724b5a6c6a786d6e4a7a6377663961754c456930536b6a63766c63745062364e486c3051526f7876754a476a593663515872706e4b50416d684d5863682f634762566d735843746967416d6c70595748694f614c5261654d50476a63555343577a553036484d4c564c426f2f7a66517949536e44567231684772315176703071584c51496c65595a4f61624d2b4b58766e3550535736466f525a654c7275376e767565624f75726d366246612f726b6b73756d5341696262372b2b75757636584851676c686c673453534b624178667666646b74322b554f422f2b4e67424a504b52652b657234634633756b533252424859414e4347772b4559713950372b65434444375a4c347455316959377a546a524243557039485a764656766f6373724f7a38346350483935566f6b2b4c5373626e52634a7455534c69336252706b79562f4b4d334e7a5231303535313358726835793562443944686f526751304f43374a566e54594b5062756553456f6f54313839414255465548586a6c587548547644412b375542494e76416873414f74426d4f31523565666d4f6666763231636a5274304d647a36516c75487633376b56572b79437548443136754354357469694a4432776156746e38357648485631565856792b7a346b574e765054535735637357664964335132536e6450702f443674304c71533770536f4262576271696f43726d6c3839414255373955557a306f7743425568724147677978686d2f767865686d454d31755839664c567432795a4a7642334b5846317a724255323567512f2b4638505062545261736437392b2f662f7a4b4a724c41785135756b43577943395557483165656b75533271595a584e776b574c6e72626974625676332f3773583079594d4d7a6c637058513837532b71757271336251436b6c57794254596845516c4e72316a366c6a666b702f4937414245523256463359464770372b41685a614370316c3434336b6b4841445372314e5455735471396e38382b2b327837754838307430436439416f6245516e573164577473644c6e6b5a32646e5439697841687a573552367648637972624978677872316d73336e614e327357624e4b2f76337474332b78346f5664636355564e3966553142796b35326c39743931324734454e546f6e663733645a3962306e5532426a6e6c49514542482f7472702f503832744338416643726f58755459766b2b6866694d32582b6b7378675132413171624e646969667a2b6465746d7a5a626d6c384f39534a394a744245516c555631637674746f484d72702b57315179482b3974785079312b5a2f4e5a3670333171785a4c3176786d4f2f3237647350394871396e425146324d4352493066324b4a6c41624561677457526359524d5545642f636d6733464e5548762b39792b51484c62364332626379525157364d4f4c6b5845453335354a524c59414543726d546433626e76444d4337563566337333723237574b4b5038315a4437754d357a6a7457734b536b35434f7266533764756e553757794a31624e524339636b6b3064626855506865384b356375624c3871362b2b737553684836656666766f4639443549596e594e6e6b2f302b6453716b6a47774d516357336b5731587a77566c464131333055674f5655455854735731473736524b4c4447726549754d4a2f31676b726241426f49434d6a5936784f373266487a7030374a4c4964796966524b327a4d7261516e4d6a344c50766e555537757364727a33365632366e4e2b37642b3963536535745559314e68737a37772f767749343855566c56564c626661685469647a697836483233754b625143777a42796258676668617830587958724368752f694e52747164742f6f444c67656f327649704363507658735769524b694376525959306e50506b3430615839414e4163672b59436e64375076486e7a4e6b716b33706361324a683935736d4d7a774a657233653131543662636550476a5a444532364b53366861563649424b72516c584a794b65685173585068304d42766d6846436331796662372f6176746344473575626b646c65394d3748644978326650494475302b38474442324f33524c484352764d7666634f7636644d716c763742487772754677424a5a622b2f6375306164386b3270542f77534852673431556d48345131414670357a4b7a506471694b696f713934654f387a644f417a4331524a314f2f4a6d7143662b6a5149637364373932766239384c4a5047327147512f595442715a66747272373965556c5a5739674a665a35786b4a32694c735669376e4a773850733257352f463458424b392b69385538394a57736759324957567734536e786c542f436251776b4433386f3650374139655643555a5a72533331495579767871327349617743307173574c466f30566b56786433732f4f6b704a69695434644b725a2b7a556b484e6e666564646448566a7665753075584c734d6b656f554e32364b6950396547483062756d6a6a784a592f48733531764e55376950724954492b5a504e444f58792b555743345931456e36674a4f75583376785679507447396270566a335734656e32363454796632786d7776314c667765586859377762676c75704432724d734962614e51443047646c727468334b37584b35786f3062317a63744c63325430615a4e62585a4f546c5837334e7a71764c7938326e6274326e6e62746d3372637a67634a397833656a77655231563164566f67454e6a6a64446f48574f6b7a6d6a78703076415a7a7a2f2f676453484e6d70674532436948536c4849434c7535537457544c6e71687a39386a323832546f5450353176746344692b6236657558666c54792b446d376266657972644c592b2f6375584f334a4635686f37316b44327a4d304d617a3176503151794d7a2b71326b4f7754737a527679483336392b744e4361627a514d4b7472414f673171746373734c6e6b6b6b742b63736b6c6c7a5435507a63724b3075797371785a343358416741455869636879536277744b746d664a56486c4347624d6d4c4868764b46445a336671314f6c6d76743034336e76494c6c75694f6e62733246386949593336306b36624e6d337937584944665664524562736c4b6e616c6a625a536b766d4c4c38712b326d5775625475504247725a5677765933447250726a6b533832756631496331735364445765724950774432744c437738427a52614473554575766174657652746b556c2f5752624758665869596a37355664656d65627a2b61676869654e57573176376b593075787778703147325432675533675544414e6c753250767a7751334f4654564469417875744a6674444a437278582b7236366d574f2b51627371794c6f3276476861327578484c33514d46756841476a443458434d70785830353351364d7964506d715365466d55474e74722b657437437a424f6a2f434c695862313639594576743235396c6d5a424d6a722f2f504e5045777573736b6c4c53787473682f5a32755679486c58346f6c4f4250725248594b45634f62713762642b4262662b582f30493041397652657a6362584a506f5962343945567464776a446341376569324851714e4f2b757373383657784d6437453968457874304e5035524f6d544b6c734b71716167584e67754f356433373673352f5a5a6f564e6e7a35394f6b6c6b6859335a522b6757326867704b536e74374e44654e5455316879562b4f355136316d644c6c4a556548693957726e7254452f4c3969325942374f5562332b486c70623544427957794a44733272464750704357734164447177747568386d6b4a612b6a57725a7436764866734b68744546794432696f686e51574868303846676b4e58744f4b37374a78514b6c646e6851733436363679654568335761446b6e4e777a44466974737973724b746b736b70416c49354d645a56746859374f48527345586947392f68503945736748333451304833653755627a574f3847797330584365454e514130346e41345274494b317047526b5846615155464258346d73734747565465506a62702b49654766506e6c3153566c5a4744556b637a33305443675143746768734d6a4d797369532b6a6f324f2f55537548647237304b464468795236645932366d7036697778627142427057326278527657356c5464443750733043324d4e4762396d6349344861476f6b2b786a7452574d4e574b4141366f58364e785678782b6556585350514b47366351324d534f7552764b455969493536364a45312f7965447a6261526f63363937782b587972375841683362743337792b5246546136626f7379374c4c43357375745738736b507177786636526c685933464869414e71327757315837784641574963536f4f624e6c46493269674e756a647536423230796353665979334764624531713468724147676851587a352f6579793241356d62417436726a48334f72574b5066794653756d30437734786a305438766c38752b31774d5a6d5a6d5762525959644572384c5471703877444d4d574e57772b2f5044447370682b687931524e6e683431473270323139654758433952725059322f6246362b535a6a6d506c39594c48354a2b502f6b322b654875353746367a355a542f75562b3876567a2b2b656a666147414e664f77706d524d374d4a544777786f43477742615345314e485573725745394752735a70773463503779714a6a2f636d74496b65647a66386b444a6a786f774e3565586c73326b57484f32654f584c6b794263323653633639757a5a4d7a76634c32675a3269795950332b6b48647136764c783868394c6671432f4c484f7674354c7666364d50444d36316936522b65364844746a35784779686b306a54313938665a794552485a76575a4c584644546557417636584a324c326e58765a5030484435514f672f734a5733615a52337a6e336c6779793743476b33733931657558654d753253625271327655326a5631456e30794641446f346c4b61774a7175484431362b4a6f3161335a4a34744f692b4745674d7559327839313149754a2b2b5a5658706a3379384d4f6a556c4e544758636a3454317a3138534a7855574c46316661596558483930654d364c5637392b35766c663542713144583458414d73634e4e73377573624964456234654b5857476a50514b6278412b50686a6f584a623779522f716e64586d6470724766796a336c736e3378756b622f2b774e62647356746138727430536b71774d6e7430556b36442b7a56384e39374b6d746c7a693350697165796c675a755a6635513050324236387647436732724a304f78465171415675624e6e6475653437797471332f2f2f70654a7944735376637147465462787a4d6d535830533871316576506e444e4e6463384f325477344f6470476a5132542f50372f56745355314f48572f31697a6a37373741456938706c4572374452715a2f6f6159656235707464753954364e575a5977776f62473351474464736e33716865742b7178446c6576547a656335394d3039724c707265556e2f502b704b43755869724c79754e55345a6f427a594d73757153677270334531554f6f37754c7a55642f4351784263616a6a33476d304c44414c53536b5a45786c6c617772757a733750775249305a305862313664593345623476696d524d2f376d35594254746c7970544364393935353863354f546d58305452494946685856376661446f464e743237647668667546387a2b7761783170554e675936536b704e68696c656553447a375972737a747a5a656c416874713243522b6345516438373357382f56444e4976396d4e75686d734c754e56766b7335634b6d36542b445536644e2b512f2f487231703458532b46596f7231426f4749436d444d4e674f3554466a5234396572684543672b7a797562593432367a7a70786e51574868303846676b494d2f6b4f686543565655564878736834764a793876376a2f7a382f42794a684456613162477851394837696f714b7666763237617552364f31516c747353525744546549646766716a655a6135744a5a56424e77574962575437346e5773684c4778645a3564617148684f6f6e65436d55474e6e366830444141446245647976713664657432746b524f69314c7232434478754c74682b2f4c7332624e4c7973724b5871425a6b4f412b436633693974732f436f5643565861346f4b7576756d7151314965355a682b6852594879525173586a7252442b2b34734b536d572b4c416d646f574e396e6877484c31546146686c383048746c394d343574732b6d6e4a3144665253455854742b4e433174566a392f6b7238366871325167485130754a466933346b49726d30684c57643371584c2b62313739383456546f7336336a47334f616d714578485058524d6e76755478654c62544e4967526c507074555776736344474442673036503977334f475036694e594e43464a536250476a776371564b34736c4f7244785358526759776b454e736635384e6863742b2f41742f374b2f36465a724f395978595a6862637463322b596f48624e58346d7658714b64434564674130417172612b786a334c6878497952365778537262493439376a61663365376c4b315a4d6f566d5136443670727135656249654c36647131367a434a724c425261396d30646a387830757074362f5035334d75574c647374306656727a4d416d4b4b79777356576e304641443438584b56572f5768514b6b2f525a334d735747595133662b4134764c2f62754b52506c567a704a58476959326a5541744554394776766f3137667642524b394c596f364e696377377034785938614738764c793254514c5967512f584c713030413458346e51364d79666463382f7763502b6739684774316b38736d442b2f6c783371312b7a6576627459476c39645938344443477873387543494b6b4263366a7634444d3169625779487369642f4b4f682b72335a6a593864347534566a7641466f626d466834546b696b6b394c32454f584c6c324753587a6859625a46485833636259593264534c6966766d5656366235664c37394e41335575646d7357624f4f2b50332b4c2b317751526464644e47316f6c47776d3571614f74594f37667235686732624a447177715a5034465461575147427a6642324447646a5576564739626d563130444f665a72456d696733623131652b66793838457169746b65686a764e305348396177465171416c68774f783368617756346d5435716b6e68616c5459304b6a616b544c4f2f7131617350664c6c3136374d304335523557564245416c565656572f6234594936644f67773450736a526e515854594a64777a416d5737314e66543666652b624d6d52736b5071785279794a5942672b4d342b386347725a5962504357555944596f6c686459302b3151652f656436762f745577615831316a4668706d645130416256472f786e3447444268776b624174366d5448335434523855365a4d715777717170714263304335663449466935632b495a644c756957573236355754536f647855756570397639666263746e3337576f6e654a654f54364c49496c7672786c73446d42447147384964637439543156556c6c774d557833785a44735748372b7468546f68376a72595931736256724f4d5962674a59577a4a2f665339674f5a5476686f714b4e6259764373636664586848784c43677366446f5944504a6a4b5272756a37666565757577782b4e5a596f634c367436392b366a4c4c7275737534696b537975474e6f5a6833477548396c79795a4d6c6170513878773572594536494962477a614f54536b2f644d716c7637524877717970395a434b445a73547763444e5a76577545753253325156584b4c564e655953534d4961414671795339304152484d366e5a6d544a30315354347379417874445747567a7a456d354f6536655058743253566c5a3251733043384b434968496f4c79392f78793458644d6376662f6d49694c53522b74424744577861704a395976476a526a2b7851394c36696f6d4a762b48516f3832536f4f75566c796458324244596e397541496966494c2f6c372f6b642f534c4e624264696a3738596543376f573158377772537067713857474e576d6959774161417271686659314d4442773638554f4b334f7a6945774f5a593432357a53304f6469486a756d6a6a784a592f4877326d74614c673337726a7a7a734a41494c445844686656766e33377378392b364b484c7054367755554f625a75386e6c6851563561616b7045797a517a742b736e62744d6f6e65446d57474e57724259514b624a4f67672f434c692f5676566d6b4a76794c2b655a7448666753323778464e5a53305059544b6e7634504a5333384644456c316f324e774b706461756f6441774147334e6d7a75337652324f5555566970353132326b434a314c457856396c51782b594578393069346c362b597355556d67584b76654772717170363179345864636b6c6c7a7a7977797576374333314b323161736c4435644c48426c6c79667a2b65654d5750474a784a64624c684f6f6d745a4574676b53656651634d7a3357732f58443945732b757338734a6638637556303654797746343168453936512f2f4169312b5a6c537166633246596f77686f41577376497942684c4b396a36387a32746f4b436772305257324c54346467654c6a3730625674484f6d44466a51336c352b57796142656163374f313333766d72585337493658526d2f664b58762f7a396b4346444f6f6c49687453767448464b4d32366858464a55644b754933477148396973754c6c34755374315a69667959613636777357523542414b626b3339772b45576b62706c7257306c6c304530425967746f313732542f484c6c644c6e6b345274704442745935396b31527a6e473279754a6a2f466d64513041375845366c50316463666e6c56306a304368745732527a2f75467339726458393869757654505035664e5352354c3449696b68672f767a3568367172712b6661356349794d7a50375050483434332b373449494c4f6b6d6b4348477a394266687347616d4864724e352f4f35582f7a7258383374554761785959394579694e59646b3541594850796e5554446e746f5061722f6b6d47384c75655468472b57584b36644c626f394f4e495a46565152644f7a353062533257364e6f314c68477046566258414c43513848596f4168756236396174327755537679324b4f6a624878317a6437686352372b72567177393875585872737a514c387a487a76766a6f6f342f2b594b634c79386a494f47764b49342b38506e7a343843345332523756704d584b37525457694e537672746d2f66372f35513634354e7a4444476e4e314459464e6b6e5551445958514e7466744b2f2b3376354948683456304874684c626c3878585162664e497247734b426c726d317a4a483472564f7a71477374327a41435352305a47786b686149536b2b35394d4b436772365358786777797162453575632b3054454f32584b6c4d4b7171716f564e41767a4d524878502f2f6e503564575656584e73316d663058664b49343855506a4e313669694a726d6c7a5371484e6b714b693343564652545046526d474e737270472f534858493545564e70593848637045594e4d30447737505879745876564558436c4335336b4c61744d755361352b664c44653839742f53706c305744574952332f674f4c792f3237696b545a5a5762784e65757358544844434235734c6f6d655a7733644f68676f59374e4b552f4f7a636e5967734c4370345042494376637553384349754a6273584c6c482b313263616d7071576563643935356238353539393058486e376f4962554f316b6e31472b46564e6276454a6a567254493273726a4544473076587278456873446e564469497174436e31485879475a724765666c6464494c39634f5631364468394959326a4f48777136333676647544413861464f50386136562b734447612f564f475542794962424a487633373937394d49747569556f55364e69637a396d35342f732b655062756b724b7a73425a714665304a452f432b2b2b4f4c586c5a57562f37446a52575a6e5a31382f6174536f7a392f37787a39656d6633363639664a4357797258464a554e47524a556448304a55564633306e39717070634f37564e7a4f7161324c715773664d435338344e6e487a5054306e5176466445704f364e366e55724832342f656e35325368734758786254726e736e2b666e385a2b536a33373874482f332b6252704555312f352f7231514b5453737271347874304a786a44634179316938614e475037445a34786c456e58666e4468772f76746d624e6d68714a4244626d4b6875655738632f4f5739595958765878496b7676662f656532506274476e546a2b5a4a366e76434c794b2b563139393966483737372f2f50314e5355724c74654c455a47526b335a6d526b334c696b7145674367634448775742776b32455946595a6868454b683044634f68364f6e4f6255526b534747595179322b7a506d6b37567246345a5831356a39676c6569537952597671596c4b32796170714e6f65484273384a5a52674e6a434b4569734c322f49662f6a64366e2b5a31642f563154567368514a6753595a6858456f724a4a637272377a79596f6e55735747567a616c4e304c3069346c362b597355556d6f5637516b523848793564656e4466766e33504a384e464f78794f3736656d7074376a64446f66637a6763763345366e58387a444f5078384f766538504d6c3138357434484b35446a2f37374c4f78745776554833467455644f53774b5a7048787831533131666c56514758427a7a625745554a4e62544376663231324948615649663172676b2b68687679793535424a426332413656664d3773335673394c596f364e69632f396d36596f4d32594d574e4465586e35624a6f6c3665384876346a552f664b4f4f2f3561563165336a576178767a666566464f6447385375764c644e6d5153325244584467324f706539764c50386f363530644f492b554d6d7361617a494c45665839346752524f6d694765796c6f6170525564444e527357754d75325337787978316464757555415353486859574635346849766d3776792b667a756138644d2b5a426951362f7451724372376a383875372f39562f2f39527372667534644f6e5159304c7433372f616c70615531456c2b487775415a64747a6a626e5746752f766c5631365a39736a444434394b5455316c374a3238393054444375794e477a632b633845464678446932646a4f6e54732f6e546476336e5a6c446835624a7345324a38617977715a704878782b4566462b34643137594b2f2f794739704675756a494c456d453576614c3936562b4f574f616c686a6473717372674667435136485936794f372b766262372f64455237677172564376424a64794c45315835366c79356274395076394c71742b397550476a5273756e425a3171737a37307938693374577256782f34637576575a326d57704a364c4e61797965654c4a4a3165566c35652f547250596b382f6e637a2f3775392f467a67317375627047684d436d7154754b6875306166367461552b674e2b6466544c4e6258726e736e4758626e745452454b396c526432425271652f676f5a684f325258544b64736951516551564c54634472563579355a696956396937684b52476b316531534a5373332f2f2f6e56572f6544373965313767635458735848776c546a7053627050524c7854706b7770724b7171576b477a4a5033395543636933706466655757367a2b6662543750597a7a2f6565322f572f76333761784d3870324c4c4a4e6869626b4267303753645246423563486932317532665372505977344574753269455675414e2b513876636d315769346d5a48624b35776f6174554141735a3848382b6233437033646f5a2b37637563564b6e2b75572b70436b536b517152655137545634564f336275584758567a37394c6c793744657666756e537552304d5973504d77716d354d62657a636335627567735044705944444934522f4d786279725636382b384d392f2f764d656d7356654e6d2f5a736e7a6d7a4a6e4634652b3975685571746b7943625837494a6242702b6f366959546e6550326f326271674d75696c41444a796b4c3778374634575038573434695533706c4732586f414e4944716d7071574e3166462f6c356555377773656a2b6955536b46644a665568794b507736714d4e7236596366576e6f6c78545658587a3145456d2b4c77736c4e306e30693470303965335a4a57566e5a437a524c30732f4666434c69656637506639377764576e70483267576536696f714e67376666723068637038327979545543767870385953324f44344f6f6f5061722f6b6d4738625949564e4b33544b5164654f426257625070484559593074453351415355504c375642666264753253614a584c4e524b2f52616b5368477045453157313468495266476d545876636276646e5672304242677759634a4677764864546a627656656b756575795a4f664d6e6a3857796e615a4c36666d6a594b6e50333358652f387431333336326961617a4e352f4f3558336e3131566e4b6a77703179727a414447787346396149454e673065306578755735662b6146417a5a3970466d766a6c4b6957743879316259346f4b39596b3866355561746341734a5235632b65324e777a6a55683366573146523055614a727864574b7a4831593654316139685569306831565656566b565876673635647577365479504865546f6e5573574673666d706a62362b49754a6576574447465a6b6e362b3647684835733266666f6a627264374a30316a586639343737315a793559744b35506f4c627471574750626c666338464a71766f3268597176563878664b58366b49426b6e37674f4f333356363474397535524f2b5859734d5a4d304b6c64413842534d6a49797875723476696f714b765957467863666c4d536e62706a397231756e3134454442315a61395435774f70325a6b79644e4769485271327a5534373178636d4e766e3468345a38795973614738764a786a6e5a5033586f68616462562b2f666f4452557557504259494247706f4875745a763337396f6e44646d6b5268545933596548574e4349464e63335955356a486664534c694b66556466495a6d4159374e4877713633366c5a50306469666931544a6773656f644177414973794445504c37564237392b37644c7447484a33695656313334372f6b3165666c45704f37685278375a4541774739316a3158686734634f4346456c3134324347523041596e4e2f59324a2b6e756c3139355a52716e424358312f5243317975626c6c312f6573487a4669676470476d765a7558506e703739352f504643696634523136786255794d32504d5937466f464e3833595544594f654e36725872585346367062544c4d4452666558373938496a6756727a714434317244454447776f4e4137417151396641706d6a4a6b725553436370393462355737573931366e4d624a7563656a2b63547139344d70353132326b434a624974535434736973446b355a75446f6c2f41705156397533666f737a5a4c55633747674d736c3350666663637838564678647a6971394656465255374a30306566497369663852313977695735734d63774d436d785959544952764975396e6e6c315055344159614a773335442f386276572f31474f385931665863497733414d746176476a52574233666c38766c4f72787332624c64456c30337a436552565455425453666e7759714b696b5657765238794d6a4a4f4b79676f3643754a5434736974446e353858664447474c4b6c436d46565656564b326957704c305831465744626847706d664c662f2f334f357873322f4a626d305674465263586542783538634a72456e77696c316a527a53524963516b4a67307a496468563945764d746332335a57426c776338773030596f56372b327353553931663467734e2b79555369414b415a656936756d622f2f7630374a4870316a552f7062335575376835633964464848316e356e726a69387375766b4f67564e71797961634b7874346834466851575068304d42766e426c50756859634c2f364b4f507676743161656c4d6d6b64505a6c697a662f2f2b576c47324f55703045587731724c483144376b454e69335855666845784c76557665316c66796a49666c6f67787346417a61593137704c74456e324d74376f56696d4f3841566961726f484e357873326d4d64356d373945717a56727a49477762763175534553437332624e4f757a78654a5a59395a376f3171336242524b2f4c596f364e6b30343970343965335a4a57566e5a437a524c306f71747a6555536b65713737373537526b6c4a796439704872334568445671304659726b564d43593764433266714858414b626c6e746f2b45576b37677676337649392f69502f51374e59532b6542765769455a726177396f74335979594c6a5732464972414259446d4c46693638544552796458746650702f505058506d7a4130535758596547396a6f3275656134367567792b5661593958374972777471702f45427a6173736a6e3165365068423643374a6b35387965507863474a7263743854735365505674387a61644c7a6e33333232662b6a65665351494b777835774d31456833577543534a616c6f53324c547367384d6e4974372f713170543641333531394d733174476d5852614e3049783231423159564f6f3765436a427739513876745732522f5542534134704b536c61727137353974747664306a3836686f7a734e45394a412b4a53474462746d3246567234337a687336644c4251783661357874344e763941765837466943733253315064444b435945714257523673656665474c4f756e5872666b38547461366a6844586d79706f716957794653716f445341687357766168305a4430623633625434567943794777615437656b502f774974646d746443774774596b7a6635554150616d3633616f7a567532464576383656447164696a644135766730314f6e37724c79386437392b2f652f54434c626f6c496c756f344e6f6332703352384e5732466d7a4a69786f6279386644624e776e784d6f6c647556443378354a50764c6c2b2b2f48472f3331394c4d3757386e547433666e714d6c545671574f4f523642385562492f4170755566476e34523866366a5a754f476d714433665a7246477467533158792b384f3564644352515779505274577663456c396f6d4e553141437870595748684f534b53722b4e376d7a647633735a772f32744f62474e5068394b35333230346b64506c6368565a396637497a73374f487a35386544654a446d77636a4e4f62377634774a344176762f4c4b4e4a2f505279314a356d506d79697558684664772f50345066316a382b757a5a39785061744b7a4e573759736e7a5235387179596d6a5575695135727a4b3151616c69544e484d434867537430306e34524d53377548627a6b787a7a6251323550547252434d326749756a6173614232307965534f4b7968304441415733413448434e3166462f6c35655537397533625679765259593156746b4f5a67694953724b7171576d336c652b544b4b362b3857434a3162474a5832654455376f2b474366727131617350664c6c3136374d3053394c5078395154536331776f4f71646439375a384d43444439355555317462536a4d314c352f503531363865504672447a33306b467244556a3236753070454b734e2f4a67707243477a512f42334535727039355963434e582b6d5766546d71617956667a37364e78716947587a713262564947556731646f773368595942574e313448642f5556397532625a4c493668717a48316150383762436f44676b496f454a762f6a4641697666495033373952736c3064756971475054785065494f5347634d6d564b59565656315171614a616b4652616b764b6b706f733250486a6e335858332f39684b394c532b6654544d3344355849642f74382f2f576e616a4f65662f30536953794b6f39576f53726179782f596c516952445974504a44342f6d4b355339787a4c652b746939654a33382b3977375a766e67646a64484539767372313635786c3279542b4e6f315a6c6a6a46577373795165415269325950372b58595269446458787652555646477958366c2b5a45395773734d3761793876486532646e5a2b62313739323476484f2f6458506548576f445973364377384f6c674d4d6771392b536d686a594e4a30655a596348646439383937594d50506e69474c564a4e61382b65505a76756d545470743875574c647554594135677271777858306b66316f6751324c545751304f7455753470385a552f5172506f78564e5a4b334e756556626d33504b7365437270703575615078523076314f7a666b374d414572644370575565315142324539716175705948642b58792b553658467863664641536234657955743277686b4b696272666230747569786f30624e3177536e7861467072745066434c696e543137646b6c5a57646b4c4e4576534338614d52633351706c4a454b71662f372f38757566652b2b385a2f2b2b32336e3946557038626e38376e66656565646c33353578783076687576564a4e6f43565348783236444d565a394a476459494434465766576730724c4a356f337264536c656f626a6e4e6f6f666461376249713566647a3671615a6c54714f376a38534b413274684b38756272474c525161426d41666c32725a44356557466b743066512b72727135706d49782f39645658433631386f2f5474322f64436961396a342b41723148543369436731382b36614f50456c6a38657a6e615a4a656c46316a7051416f564a454b722f2b2b7574397439353232364f4c4679392b6c7455324a3266506e6a326237727a72726b646e2f76337647795736586f323671716c53456f63315356657a4a686142546573394e4b4a436d3838387535366d575671585761766d39594c48704b4b736e415a704a7436512f2f4472315a38575376517979455346686c6c644138445335733264323137583437794c6c69785a4b2f484865617468755a554363317363373331366c79376e392b37644f316445306957794c536f6c464171784c616f4a37784e315972353878596f704e41736b38656c526175486279686e50502f2f68354876766e62426a353835464e4e667863626c6368324e573161672f314a72316169715656375845483932643147474e4349474e4e672b4e5a6135744f343845616c6d613255724d5654576676565249597a537a4665377472306c307a51517a7344473351695839306b6341397043526b544657782f666c382f6e63793559743236314d55424964353232314d5a586c6a2f635745526b33627477496957794a4d6c665a6f4f6b6e356a3452386336594d574e4465586e35624a6f46456e3936564f78576e59725330744c396b7964506676377070352b2b382f446877317470737361664d65765872312f30342b75756530785a56614d654c6d4b75594b71516f346331724c5158416875744868724c334e736f514e7a43574658547369714372683172334358624a5835315461314556746577465171414c656936756d6233377433464d574d514b35344f4653736f496f4744427739612b7466762f4a34397a356236315458704571356a777771624a6839376835514a7050766c5631365a3576503547482f4476443969513574615555496245616e345a4f33616e542b372b65614833336a7a7a536350487a3738466331577a77787137727a72726b642f382f6a6a366d703672385376716a4862557731727a465832356970504349474e567033434639363935655742717564706c685961734c4b7170735739563750787451536464364a4377775132414b7a4f4d417844792f6f316e322f595942376e72573648697131665937552b4f43516977596d2f2b745771554368555a645762706d765872734d6b656f564e4b6c2b6c4a68645673325431367455487674793639566d61425570666f67626136676c535555484436362b2f76765a6e4e3938385a665962627a79567a4d464e6246437a662f2f2b476f6b50617452564e64394a7046354e6a635458727953735552445961444c414d472f714679745876656b4a2b663546737a53766a33372f4e7174715774694f75674f4c536e324844737252613964776a44634157316938614e465945636e563862334e6e446c7a677a5165324667354d412b4a534d447239583569316676473658526d547034306159516f6457785959644e3839346f352f7034795a5570685656585643706f464d664f7a52415679316444684f7847706e4431373971632f752f6e6d587a2f78354a4f5464753361396248663733636c51794f35584b3744713161746d70736771496e642f6c51566269757a33574b4c433976682b644e387a775761514b734f6f55354550462f562f66767063394a374c4b42706d7436424c62746b7754307a354d435758545247432f4b48677535467273334c705048564e525161426d4172756d364832724e6e7a79614a2f494c7069336c5a6559566a7733697170715a6d555a7332626136303672307a634f44414330566b75555257324244594e4e2f395968615a6453346f4c487a36707a66646446354b536b6f327a594f592b7951554d32667a4b2b4e5a38355778627430363737703136366231364e476a77773033334844424f554f47584e4b785938662b646d75556e5474336672707931617131382b624e3236453854387a766b376d647a4376315959784847652b376c4c2f6e69786e377336716d455151322b6e51474455737a2f31477a63654e5a715a3366623575535070616d615471566538726c6c5a483330784374594b4f33624d36525147324e4b4876474a66345962375a434162414c5130524736766a474e6d2f5a55707867594b3357723748364370746753556e4a52783037647254737a5850474757655932364c53525353564654624e50686e336959683339757a5a4a534f4744333868507a2f2f455a6f474d66654a32536561775552732f532b506947535972374b794d75397a7a7a3233574553576e582f2b2b6164664f587230734c5050506e7445546b354f4436733277703439657a5a7433727835303978353834723337392f76696d6d4c514d7a7a7841786c31454e467a42396f7a52576435762b505130614f6763424772383667596176496f746f766e726f682b377a4c5538516735573869376270336b73344465374736706f565642463037467452752b6b525958644f71416f484178344641774f48332b315039666e397149424277426f4e42527941515342454e66373039654f6851576378414b61524a4f2b37322b58787267734767772b6633702f7039767452674d4f6749763754655a6e7a6f304b4644536a74714e30414b426f4f62416f47414978674d4f76782b66366f76334c6142514d4268745876303762666536696b693377514367624a41494f44302b2f314f76392f7644482f766e4b3335765a73336239344769542f4b57363166592b562b4f43516977536566656d7258764c6c7a337a554d6f31653433564e313775396972384868634153484478392b78706f31613270454a4c576d706d5a624b42517967734667696e496674667033512f632b355151436d345a56376e644e6e506a53752b2b384d797755436e55772b335a643770746a50526574316f65716e304e6c5a57574e42653666594c6764517a4642686272537867776d4d6b536b6a59696b72312b2f3372312b2f667139496c4c59765876336e427575762f37384d2f76302b592f54753354706e356d5a6d6166727862706372734e666c355a75327270313634365a4d3264756b756a56526f4759362f644c39476f6a4e6154784e424c553843507463544a436f65526f4a384f77784938544b5649666f7255526b61784a75614d6d64584a6b2f336579333653504858712f7966355a58377939584262634d344e7666677461347670792b68703379645a77522b3253364832736c524b7043752b6e343234325a722f5356757072617553462f3277622f76753668666568384550644c665837786238546b634d5332652f736c645935646a6846366d744b5a4970496a6f69304635454f34622f4f44503933756f5932775a6a76344a4677753161462f313664744f35795a496655727962494372646e5872683973384d445839323268527a7248765746333239472b427079772f644b752f4131706f657632576946392b305044364272773333776b58422f62425a2b74487066724e354c37634c746e68747a4c2b6e365054556e516c376c387a47666b36467748354d54767137572f6d376f337165637a5068627657397977332b326a626c764445333748482f3447717a5368367069372f6e44345436704f6e7939506733374a435038636f52667a764433303379315556377045716c4a70525954647777644f72547a4a5a646338682f64756e5872635672486a6a3036644f6a5133656c305a7262307866683850766433333332335a2f66753354744c642b336138384548482b774972364b4a44576e554c574778776239486f72644265574f4347725767734859427238365a43437473394878512b3054452b337a463870656536484474654b655263675a4e307a51473354684b5076723932785162626948372f5a56723137684c74736e524377327a75715a6c2b7864313337557a2f506364477235666e2f4c416a3632744557726c64677a474446513834594762582f5041786d78544851764d787459484d4f39523834516376385875555856417230354b7a4f734b74644b3959675932586f6b2f6f633876396c69616e756859586a4d6743326b65324b6842534f797a4d61545a643050335075576b78392f6837345a546554594777354e7468385a396a685837554c5676724650754a58573158306a6a65795a52585a7536634a74376c62346e505361304d562f4f7a7a2f2f3350503535352f7656594b666c4b486e6e7476707a44505037486a57575766317a4d6a49794f7a5370557633744c53307a505430394978323764703150396b3337484b354474665531427a326572337562372f3964712f4c37586274334c466a7a796472312b364e435764456f757653714b754a7a48764c70347942314e56467353464e6f6855316a50634a6243772f794167705833685069612f386b6635705856366e615a6f2b7445487a386f6543376e647131732b52364b4a2b3574462b7363643430336d337a4152477253466b686a566530584f466a5471706a423263366a515a6449556e355946774f2b6f63324a67724b3177536658786d534b5033474474704d696370547446766855316a3932676f5a704964566467302f4a2b3943514b646c6e7266617676574b704d6b4862356654546e355670383736715131745a58612f6b54486756376c6536702b5637314b634e43613377307239436b6e327537714d394a634157634755326e4b73394c51724d384a577241506a5131737a44444b45334d765757563831566842596b2b347a7a46446d746a51786c7874597761457a733833624e6a392b59594e6530586b43346d73366b714a3662654d726c32375a6c313030555864472f74635330704b4468635846783957336d646a6634595358456473534b4f75714647446d727159767a622f657a39424459464e4d6b797366434c6966614e36336172484f6c7939507431776e6b2f544e4931686431354c594e4d43536e30486c78384a314e597145397659346d4e574874785a745639524233766d77462f48583573542f64707033692b7476626f6d7041786133424a5a57574d4f3848554f6241497833305864566c576f5031696f45343155615a3374517964376a7759542f4738383458736a304d72586f3934483568594572773337596e5679613761314c7a785a306a6c59545852767159476175754c44703947397047756663714c584938703959306a30466a587a575a6d69595a396a50754d4e432f576873573276726f6a7a694c564f7259737453717975524b6b4c397a6c4f6964344f6c537278573652536c662b7451786c544f4a545170694734326264766e326675334c6c483142446e474f38784e71414a78515130616c4154564549584e59537069776c6d314e5631666f6b75586b39515132426a2b346c56777942767265667268305a6d3946744a307a534e4e7532795a50424e6f325454573874706a47626944666b50763137396157484d5a4d58384e64636c724b35707251475254336d6731796d44416830446d3968544748535a56416156416279452f39716a54414a3148524448627555796c79337273716f694e6c534d6e576a6f31726248756b654479763368565361433673544a614d583337565075417976396d6e326939354952387a317437556e3369557a2b59726365424d50765739337130707266446433376c4a4f394a6e2b433734704c677a372b654a364c5675704445345652366e48515668306a716b47496f567858696a4c6d63736138556d502b6442346c75456d303473614965615959787768714a435a5155554f6151457a77346c4f2b342f344534637a525168724739775132535248612b4558457538793162656567744734766448426b2f59716d6152724437727957774b595a7266507355726443485731314452313679773647314e436854714a2f726447314877776b4742446f4d4a4653422f634f69562b75724f73674d6c47623676493956482b784e79644b446776666f384759795a384f31784f4b475750346c66647674785532356a326b626e585275633972374e344b4b74395451356d73363351763664716e6e476f6662393544546b33362b4b50314f53454c3971474a326a3352765351577670664d36314c72334b6b426a434d6d7948456b2b477448544841542b7a7252774f5a6f57352f557a3643785032502f507946684e513242545a4a5073487769346c33712b75726c36374f482f70786a7670744735344739704f667767624a377a5259616f346c5642463037506e52744c5a616a4678706d4b31544c3979656950466a4e7a30626e6745456147566a6f556e52596e66536d4a42676b365877664245572f356371783936673532556978364430714362357a756f5236695a624332323267485475427345716664375450535a522b7874446b7536467a6e334b796768496652745670644f38637263384a576241505056612f5a4a667856796a42754d47494358415368546b704366343368687a6653707659372b6a78626f554b78495179736639394d4f592b464d627a4244624a504d467165464273727474335949532f7a2f2b63346378396c715a70476f4e76476b566730777a6571396e346d7354767633644a2f46596f417076576d7841484c52597769456144416e5770732f704c724747782b3041306e46676c756b64316239766a755564312f4d36464e507465306563642b2f354b784e44774f324358536259354d5455302f6534656235396a786565545866756c3243314a5a726869627439555135686a2f58566a7230536664364c74554930465a4d46472f6e4f69326a646f4959624f5a34343336595561686958666476694c6d536f6947534b532f576948712b61314d564c5053366162394c4644377a6662502f7650353937424564394e364276663465562f713172396a6b514b736c614c53495749664363696c534a53493548514a6b694c6e654b545038547a456741596c774b77513763673061474c7570704f4a486f31723948492f31366b3853315235702b4a6770656a68544a4a4564446f504b5a4f346275683937306a4d515749762f45642f68504e306e534733586b746a6442452f4b47672b3733616a5174464f65564d6f726443715364646b4451414141414130664f2b3244704664524a64324e74637665355278746671654e756c764e77784c2f502f5a2f357a31434c50616b4868324f3150614555454e746234386a5a734c336d6a6574334b6d714433665a716c61517936635a5330615a6446517a53426a6436794f55634374545553585767345556684435773841414141636578345975315570746a697a477262346a754f6c686a496377573042314c43787a706531595a584e6f746f766e726f682b377a4c6b365541386573466a334548614b3432364e32376f4862544a784a6475305a4e2b6a6e4747774141633244486c6c5941545439666841305232466a6e4339687752504b577576336c50776934586d7676794c6f3747533665777344362b3968546f68376a62573646616979733459454341414141414d66416c696a726946706c4d36316936522f386f65422b6d67577462622b2f6375306164386b32695635646f2b366c4e66666578703561414141414141426f4249474e645a6772457872716735543479682b68576443612f4b47672b7750586c343056476a5a583131426f474141414141424f4549474e746168626f377876564b39623551333531394d736143326c766f504c5333304844306c386f5745317250454c6859594241414141344951513246684c33444866617a31665030537a6f445634512f37447231642f5769694e623455796a776c6b64513041414141416e434143472b737861396e34526353377a4c56743535464137517330433172614f733875746442776e55527668544944473739516142674141414141546869426a5457704259693953313166765279555544584e67705a53455854742b4e433174566935447a3053763771477256414141414141634a4949624b784a3352705674376c75333446762f5a582f51374f6770627858732f453155565a3653587a74477656554b4149624141414141446842424462574662584b3573584b56572f5768514c626152593074323938683565582b673464444e392f52797330544f3061414141414144684a4244625746566541754e523338426d614263334a4877713633367664324e6778336d37684747384141414141614249454e74616d72724b7065364e36336372716f47632b7a594c6d3870587633777550424770724a5034593739697768713151414141414148414b434779737a777874366b5445733846624e6f30437847674f74554876336e65722f37564d6f6f2f784e734f61324e6f31684455414141414163416f49624b7a503342726c463547367061367653696f447274646f466a53316a7a306c356a486541596c7368544c4447713945687a55454e674141414142774367687337434771415047306971562f394965432b326b574e4a5744675a704e6139776c327957796d697532646f3061324152704d514141414141344e515132396d4375614443505748627639522f354c633243707541504264304c6137393456364b33517357474e525161426741414149416d5247426a482b72574b4f2f6671745955656b502b3954514c546c5770372b447955742f4251784a666146674e625078436f57454141414141614449454e76595264387a3357732f58443945734f4258656b502f774974646d7339427777776f756964384b525667444141414141453249774d5a6551737245756d365a6131744a5a64424e41574b637448576558584f555937793955722b36786977326242376a7a656f614141414141476869424462324533584d3977653158334c4d4e30354b5264433134305058316d4b4a50386137566c6864417741414141444e697344476674537455585762362f61562f3974662b537a4e67684f317a4c56746a7352766859706458574f65436b5667417741414141424e694d44476e74526a766a312f72567a31526c306f734a316d77664836786e64346562463354356b6f7137556b766e614e587a675a43674141414143614259474e505a6e48664465454e71572b67382f514c4467652f6c44512f563774786f565376334a475063613756756f4447334d724647454e414141414144515441687637556b2b4d716e756a6574334b3671426e50733243592f6e4b392b2b46537146686458574e7552574b59377742414141416f4a6b52324e686256414869446434794368446a7147714433723376567639726d635376726d4572464141414141433049414962657a4d4c455074467047367036367553796f434c59373752714938394a584f556530594e61317753665979337565304f41414141414e414d43477a735436316c34353157736653502f6c427750383243574163444e5a7657754575325332525656714c564e6453754151414141494157344b514a624d3963435747756d4843572b4d6f6661652f49764e51584372547868774c7041516d6c686953554570515141563453572b502b2b684d4a317a79537847474e6559773371327341414141416f4a6b5a6f5642797a4c734d77306a717a316e7156314f6c696b676245636b576b5859696b6973694f534b534a534c70497549492f32384e7668704a5277333250434a5349794b56496c4968496c58682f2b7952534c46683650436868636a4e41414141414c746968553379544d625655364d3855682f654f4b552b79416d462f3737356e3547636773723955534f525937773934622f50715641414141414130454949624a4b48576376473342726c6b45673434356636465459454e736c4e4457786355682f6175435653614a6a4142674141414142614349464e636c454c454c7644667938673951464f5776682b59457455387434624453654b68653850746441775951304141414141744341436d2b53646c4a762f325178737a4e55314244624a65322b6f7137447177692f7a56436743477741414141426f5151513279546b784434542f32717872593236504d674d624a4f2b3959643454366f757742674141414142614749464e636b374b525a6d4942795779716f617742755a4b472f5065554f385a414141414145414c4962424a376b6d356f557a4b4357756733682f716e77414141414341466d614551737a4a4141414141414141644d49527a67414141414141414a6f687341454141414141414e414d67513041414141414149426d4347774141414141414141305132414441414141414143674751496241414141414141417a524459414141414141414161496241426741414141414151444d454e67414141414141414a6f687341454141414141414e414d67513041414141414149426d4347774141414141414141305132414441414141414143674751496241414141414141417a524459414141414141414161496241426741414141414151444d454e67414141414141414a6f687341454141414141414e414d67513041414141414149426d4347774141414141414141305132414441414141414143674751496241414141414141417a524459414141414141414161496241426741414141414151444d454e67414141414141414a6f687341454141414141414e414d67513041414141414149426d4347774141414141414141305132414441414141414143674751496241414141414141417a524459414141414141414161496241426741414141414151444d454e67414141414141414a6f687341454141414141414e414d67513041414141414149426d4347774141414141414141305132414441414141414143674751496241414141414141417a524459414141414141414161496241426741414141414151444d454e67414141414141414a6f687341454141414141414e414d67513041414141414149426d4347774141414141414141305132414441414141414143674751496241414141414141417a524459414141414141414161496241426741414141414151444d454e67414141414141414a6f687341454141414141414e414d67513041414141414149426d4347774141414141414141305132414441414141414143674751496241414141414141417a524459414141414141414161496241426741414141414151444d454e67414141414141414a6f687341454141414141414e414d67513041414141414149426d4347774141414141414141305132414441414141414143674751496241414141414141417a524459414141414141414161496241426741414141414151444d454e67414141414141414a6f687341454141414141414e414d67513041414141414149426d4347774141414141414141305132414441414141414143674751496241414141414141417a524459414141414141414161496241426741414141414151444d454e67414141414141414a6f687341454141414141414e414d67513041414141414149426d4347774141414141414141305132414441414141414143674751496241414141414141417a524459414141414141414161496241426741414141414151444d454e67414141414141414a6f687341454141414141414e414d67513041414141414149426d4347774141414141414141305132414441414141414143674751496241414141414141417a5244594141414141414141614f622f447741795230442b68734255354141414141424a52553545726b4a6767673d3d, 3);
INSERT INTO `usuario` (`id`, `login`, `clave`, `mail`, `estado`, `perfil`, `cuit`, `iibb`, `fechainicio`, `razonsocial`, `domicilio`, `imagen`, `condicioniva_id`) VALUES
(3, 'christian', '123456', 'corvalan@gmail.com', 'A', 'EMPRESA', '20375915953', '20375915953', '2018-10-01', 'Christian Corvalan', 'Franklin 1769', NULL, 3);

--
-- Restricciones para tablas volcadas
--

--
-- Filtros para la tabla `cliente`
--
ALTER TABLE `cliente`
  ADD CONSTRAINT `FK_F41C9B25DB38439E` FOREIGN KEY (`usuario_id`) REFERENCES `usuario` (`id`),
  ADD CONSTRAINT `FK_F41C9B25F1A0F41C` FOREIGN KEY (`condicioniva_id`) REFERENCES `condicioniva` (`id`);

--
-- Filtros para la tabla `factura`
--
ALTER TABLE `factura`
  ADD CONSTRAINT `FK_F9EBA009B3CB6227` FOREIGN KEY (`punto_id`) REFERENCES `puntoventa` (`id`),
  ADD CONSTRAINT `FK_F9EBA009DB38439E` FOREIGN KEY (`usuario_id`) REFERENCES `usuario` (`id`),
  ADD CONSTRAINT `FK_F9EBA009DE734E51` FOREIGN KEY (`cliente_id`) REFERENCES `cliente` (`id`);

--
-- Filtros para la tabla `productofactura`
--
ALTER TABLE `productofactura`
  ADD CONSTRAINT `FK_ADFFE8C47645698E` FOREIGN KEY (`producto_id`) REFERENCES `producto` (`id`),
  ADD CONSTRAINT `FK_ADFFE8C4F04F795F` FOREIGN KEY (`factura_id`) REFERENCES `factura` (`id`);

--
-- Filtros para la tabla `puntoventa`
--
ALTER TABLE `puntoventa`
  ADD CONSTRAINT `FK_C2D68902DB38439E` FOREIGN KEY (`usuario_id`) REFERENCES `usuario` (`id`);

--
-- Filtros para la tabla `usuario`
--
ALTER TABLE `usuario`
  ADD CONSTRAINT `FK_2265B05DF1A0F41C` FOREIGN KEY (`condicioniva_id`) REFERENCES `condicioniva` (`id`);
COMMIT;

/*!40101 SET CHARACTER_SET_CLIENT=@OLD_CHARACTER_SET_CLIENT */;
/*!40101 SET CHARACTER_SET_RESULTS=@OLD_CHARACTER_SET_RESULTS */;
/*!40101 SET COLLATION_CONNECTION=@OLD_COLLATION_CONNECTION */;
